 , .1, .2, .3, .4, .5, .6, .7, .8, .9, .10, .11, .12, .13, .14
دیده بان بازار : 1401/1/6,,,,,,,,,,,,,,
نماد,نام,تعداد,حجم,ارزش,دیروز,اولین,آخرین معامله - مقدار,آخرین معامله - تغییر,آخرین معامله - درصد,قیمت پایانی - مقدار,قیمت پایانی - تغییر,قیمت پایانی - درصد,کمترین,بیشترین
خودرو,ايران‌ خودرو,26091,1216916657,3010253476291,2398,2517,2419,21,0.88,2474,76,3.17,2400,2517
پالايش,صندوق پالايشي يكم-سهام,23634,40560650,2957345666590,71640,72650,72920,1280,1.79,72910,1270,1.77,72100,73500
خساپا,سايپا,23494,1829062034,3499723882665,1825,1916,1888,63,3.45,1913,88,4.82,1881,1916
دارا يكم,صندوق واسطه گري مالي يكم-سهام,22670,24196107,2832744988460,120720,121490,116050,-4670,-3.87,117070,-3650,-3.02,115660,121490
شستا,سرمايه گذاري تامين اجتماعي,19105,835505813,789852542689,950,962,940,-10,-1.05,945,-5,-0.53,934,966
خگستر,گسترش‌سرمايه‌گذاري‌ايران‌خودرو,12249,851626698,2337331680985,2616,2746,2740,124,4.74,2745,129,4.93,2700,2746
فملي,ملي‌ صنايع‌ مس‌ ايران‌,10743,110666480,834248624390,7240,7360,7600,360,4.97,7540,300,4.14,7320,7600
خپارس,پارس‌ خودرو,9785,503726606,571645082942,1136,1170,1118,-18,-1.58,1135,-1,-0.09,1101,1170
شپنا,پالايش نفت اصفهان,9345,197647511,1388531549160,6710,6930,7040,330,4.92,7030,320,4.77,6850,7040
فولاد,فولاد مباركه اصفهان,8955,125349807,1433610233860,10940,11400,11480,540,4.94,11440,500,4.57,11100,11480
شبندر,پالايش نفت بندرعباس,8885,137056456,1084157843900,7550,7890,7920,370,4.9,7910,360,4.77,7800,7920
شتران,پالايش نفت تهران,8285,220811427,1197799211390,5180,5400,5430,250,4.83,5420,240,4.63,5350,5430
وبملت,بانك ملت,7725,220229965,837838227592,3703,3860,3745,42,1.13,3804,101,2.73,3720,3870
كمند,صندوق س. با درآمد ثابت كمند,6286,230622686,2332154531469,10094,10112,10113,19,0.19,10112,18,0.18,10112,10113
آرام,صندوق س شاخصي آرام مفيد,5822,20773237,212075110170,10170,10280,10260,90,0.88,10210,40,0.39,10120,10300
فرابورس,فرابورس ايران,5488,25433660,297050382050,11760,12000,11400,-360,-3.06,11680,-80,-0.68,11300,12300
وتجارت,بانك تجارت,5210,192929827,372325408204,1926,1960,1912,-14,-0.73,1930,4,0.21,1903,1974
خبهمن,گروه‌بهمن‌,4928,222381305,421468206244,1912,1918,1889,-23,-1.2,1895,-17,-0.89,1860,1970
وخارزم,سرمايه گذاري خوارزمي,4694,59725525,257767099638,4388,4476,4270,-118,-2.69,4316,-72,-1.64,4256,4510
تجلي,تجلي توسعه معادن و فلزات,4547,153193533,236719980677,1535,1549,1550,15,0.98,1545,10,0.65,1520,1590
كيان,صندوق س. با درآمد ثابت كيان,4360,29178388,987988078882,33806,33863,33861,55,0.16,33860,54,0.16,33810,33865
زنجان,صنايع كشاورزي وكود زنجان,4180,60309935,211250934172,3510,3335,3580,70,1.99,3503,-7,-0.2,3335,3685
بشهاب,لامپ‌  پارس‌ شهاب‌,4165,2225432,200720611860,94110,96990,89410,-4700,-4.99,90190,-3920,-4.17,89410,96990
وبصادر,بانك صادرات ايران,4120,125003434,243730790780,1954,1979,1930,-24,-1.23,1950,-4,-0.2,1921,2000
فزر,پويا زركان آق دره,4074,4276674,116531067550,27250,27250,27000,-250,-0.92,27250,0,0,26850,27750
حكشتي,كشتيراني جمهوري اسلامي ايران,4046,34788024,515803891680,14290,14400,14700,410,2.87,14830,540,3.78,14300,15000
ذوب,ذوب آهن اصفهان,4032,103904504,271613738420,2521,2571,2647,126,5,2614,93,3.69,2510,2647
بركت,گروه دارويي بركت,4019,12718399,219364256530,17410,17550,17370,-40,-0.23,17250,-160,-0.92,16740,17760
كالا,بورس كالاي ايران,3784,11527361,236445758210,20490,21150,20280,-210,-1.02,20510,20,0.1,19920,21340
كرمان,س. توسعه و عمران استان كرمان,3599,158887168,119337124841,753,764,747,-6,-0.8,751,-2,-0.27,745,769
اعتماد,صندوق س.اعتماد آفرين پارسيان-د,3268,50349920,2164581371530,42936,42991,42992,56,0.13,42991,55,0.13,42990,42993
انرژي,بورس انرژي ايران,3054,2808708,152875116210,54590,55500,54000,-590,-1.08,54430,-160,-0.29,53530,56300
نوري,پتروشيمي نوري,2891,3977059,403874862130,97190,99650,102040,4850,4.99,101550,4360,4.49,99000,102040
خزاميا,زامياد,2685,38845647,289113613020,7440,7590,7510,70,0.94,7440,0,0,7220,7700
خراسان,پتروشيمي خراسان,2682,1939205,215177633060,108960,112000,113500,4540,4.17,110960,2000,1.84,109200,114400
كارا,صندوق س. كارا -د,2619,122557770,1349674496806,10991,11012,11013,22,0.2,11013,22,0.2,11012,11014
پترول,گ.س.وت.ص.پتروشيمي خليج فارس,2605,52995061,117326419951,2194,2224,2214,20,0.91,2214,20,0.91,2183,2269
افران,صندوق س افرا نماد پايدار-ثابت,2584,57005534,903954032455,15798,15857,15858,60,0.38,15857,59,0.37,15857,15859
ضخود2018,اختيارخ خودرو-2000-1401/02/07,2566,94580,42551859000,474,500,419,-55,-11.6,450,-24,-5.06,413,520
سپيد,سپيد ماكيان,2511,5136668,93275709370,18170,18750,18210,40,0.22,18160,-10,-0.06,18010,18750
آريا,پليمر آريا ساسول,2486,1852357,144675803400,76550,76700,78050,1500,1.96,78100,1550,2.02,76700,78350
مفاخر,توسعه فناوري اطلاعات خوارزمي,2483,5205176,214954121200,43150,43000,41000,-2150,-4.98,41300,-1850,-4.29,41000,44350
امين يكم,صندوق درآمد ثابت امين يكم فردا,2399,52540384,527528711903,10025,10041,10043,18,0.18,10040,15,0.15,10039,10043
فسبزوار,پارس فولاد سبزوار,2376,1895449,55619652200,29380,29800,29350,-30,-0.1,29340,-40,-0.14,29020,29800
كدما,معدني‌ دماوند,2357,1535819,94243471950,61360,62420,60620,-740,-1.21,61360,0,0,60520,63810
بورس,بورس اوراق بهادار تهران,2352,17705439,146438301950,8280,8380,8180,-100,-1.21,8270,-10,-0.12,8080,8550
ختوقا,قطعات‌ اتومبيل‌ ايران‌,2298,53107070,133295796148,2545,2600,2460,-85,-3.34,2510,-35,-1.38,2448,2655
توسن,توسعه سامانه ي نرم افزاري نگين,2282,2808187,65359286400,22850,23500,23100,250,1.09,23250,400,1.75,22850,23950
وهامونح,ح . سرمايه گذاري هامون صبا,2246,15378560,8438576589,535,552,555,20,3.74,549,14,2.62,536,560
فجهان,مجتمع جهان فولاد سيرجان,2185,6576885,35897685010,5400,5490,5500,100,1.85,5420,20,0.37,5310,5560
وسديد,گروه ‌صنعتي‌سديد,2128,45157831,36532317035,790,812,813,23,2.91,809,19,2.41,794,813
سمگا,گروه سرمايه گذاري ميراث فرهنگي,2068,19705062,174026134670,9010,9000,8730,-280,-3.11,8830,-180,-2,8680,9100
غنوش,نوش‌ مازندران‌,2063,10560629,73255503850,6940,7050,7000,60,0.86,6940,0,0,6820,7100
كاما,باما,2019,18512810,112867477020,5970,6100,6130,160,2.68,6100,130,2.18,5990,6200
ضخود2019,اختيارخ خودرو-2500-1401/02/07,1936,75435,9636966000,130,148,106,-24,-18.46,128,-2,-1.54,102,152
مديريت,س. و خدمات مديريت صند. ب كشوري,1900,3640307,20571072420,5670,5670,5710,40,0.71,5650,-20,-0.35,5570,5720
كيمياتك,آريان كيميا تك,1884,1670478,38693533120,23290,23250,23390,100,0.43,23160,-130,-0.56,22500,24000
وغدير,سرمايه‌گذاري‌غدير(هلدينگ‌,1883,12163322,157230058890,12630,12760,13100,470,3.72,12930,300,2.38,12650,13200
غشوكو,شوكو پارس,1871,20516102,122413401430,6230,5920,6030,-200,-3.21,5970,-260,-4.17,5920,6120
بهير,س. توسعه تجارت هيرمند,1864,2387000,10299905000,4190,4315,4315,125,2.98,4315,125,2.98,4315,4315
سدبير,س. تدبيرگران فارس وخوزستان,1801,6181605,197236924100,30550,32050,31900,1350,4.42,31900,1350,4.42,30700,32050
صبا,گروه مالي صبا تامين,1771,12417943,71669037720,5720,5850,5800,80,1.4,5760,40,0.7,5690,5880
شپديس,پتروشيمي پرديس,1768,3399098,559996950410,157480,163150,165350,7870,5,164750,7270,4.62,160330,165350
بوعلي,پتروشيمي بوعلي سينا,1757,1321786,94741468970,70300,71410,72230,1930,2.75,71600,1300,1.85,70850,73000
كزغالح,ح.زغال سنگ پروده طبس,1662,865595,10177492080,11680,11510,11730,50,0.43,11760,80,0.68,11510,12000
ضخود2020,اختيارخ خودرو-3000-1401/02/07,1620,95094,2332935000,25,35,16,-9,-36,25,0,0,15,35
سنير,سيمان‌ سفيد ني‌ريز,1578,5160203,130440556540,25420,25950,25480,60,0.24,25280,-140,-0.55,24600,26060
شبريز,پالايش نفت تبريز,1563,5674130,224995239450,37900,38530,39790,1890,4.99,39650,1750,4.62,38500,39790
گدنا,تهيه توزيع غذاي دنا آفرين فدك,1546,1583943,20939683420,13020,13500,13150,130,1,13220,200,1.54,12700,13500
آبادا,توليد نيروي برق آبادان,1528,3650319,37551887070,9800,10290,10290,490,5,10290,490,5,10180,10290
آگاس,صندوق س.هستي بخش آگاه-س,1519,1645504,130422888500,77502,78791,79845,2343,3.02,79260,1758,2.27,77250,80000
شاراك,پتروشيمي شازند,1511,3580332,150994941520,42000,42870,42350,350,0.83,42170,170,0.4,41820,42870
پتاير,ايران‌ تاير,1510,30801348,47620006396,1604,1600,1544,-60,-3.74,1546,-58,-3.62,1524,1610
هاي وب,داده گسترعصرنوين-هاي وب,1506,15917487,108088071970,6700,6750,6770,70,1.04,6790,90,1.34,6710,6900
خنصير,مهندسي‌نصيرماشين‌,1486,4230701,66342475840,15580,16200,15200,-380,-2.44,15680,100,0.64,15000,16330
لپارس,پارس‌ الكتريك‌,1484,940076,90745500590,95000,95200,93900,-1100,-1.16,96530,1530,1.61,93880,99600
فخوز,فولاد  خوزستان,1480,39356510,221645776410,5380,5490,5640,260,4.83,5630,250,4.65,5490,5640
فگستر,گسترش صنايع روي ايرانيان,1467,3993409,22705941060,5760,6000,5610,-150,-2.6,5690,-70,-1.22,5480,6000
ثاميد,توسعه و عمران اميد,1464,10595580,15085942516,1415,1438,1420,5,0.35,1422,7,0.49,1383,1438
حتايد,تايدواترخاورميانه,1442,18009050,100190979560,5760,5790,5530,-230,-3.99,5560,-200,-3.47,5480,5950
فاراك,ماشين‌ سازي‌ اراك‌,1402,77356090,108286060711,1349,1400,1416,67,4.97,1400,51,3.78,1354,1416
هماي,صندوق س هماي آگاه-ثابت,1400,29102093,293124167214,10055,10072,10073,18,0.18,10072,17,0.17,10069,10073
آ س پ,آ.س.پ,1378,12295042,67989702500,5380,5450,5430,50,0.93,5530,150,2.79,5300,5640
كامياب,صندوق س. كامياب آشنا-د,1378,33111721,386993768378,11677,11687,11688,11,0.09,11688,11,0.09,11687,11689
پارند,صندوق س. پارند پايدار سپهر,1376,34795565,351798703244,10093,10110,10111,18,0.18,10110,17,0.17,10110,10111
سغرب,سيمان‌غرب‌,1369,4261763,81602724340,19070,20020,18310,-760,-3.99,19150,80,0.42,18120,20020
خديزل,بهمن  ديزل,1366,16730901,140307534660,8230,8640,8270,40,0.49,8390,160,1.94,8190,8640
ومعادن,توسعه‌معادن‌وفلزات‌,1365,12718669,153858969330,11980,11980,12240,260,2.17,12100,120,1,11860,12440
شاروم,پتروشيمي اروميه,1361,1399733,19796382260,13640,14300,14110,470,3.45,14140,500,3.67,13770,14300
خصدرا,صنعتي‌ دريايي‌ ايران‌,1353,32055404,54037039404,1711,1756,1677,-34,-1.99,1686,-25,-1.46,1660,1756
شسپا,نفت سپاهان,1352,23213992,68762502182,2928,2971,3014,86,2.94,2962,34,1.16,2900,3018
ونوين,بانك‌اقتصادنوين‌,1344,25593902,103567256918,3987,4140,3960,-27,-0.68,4047,60,1.5,3800,4140
شاوان,پالايش نفت لاوان,1336,1301661,197447079050,145700,147550,151900,6200,4.26,151700,6000,4.12,147550,152950
غزر,صنعتي زر ماكارون,1334,3631154,26798795210,7350,7470,7340,-10,-0.14,7380,30,0.41,7340,7470
شگويا,پتروشيمي تندگويان,1332,4284589,46335921510,10630,10730,10800,170,1.6,10710,80,0.75,10700,10980
كوير,توليدي فولاد سپيد فراب كوير,1330,30408003,125892154576,4069,4040,4190,121,2.97,4140,71,1.74,4000,4260
وهامون,سرمايه گذاري هامون صبا,1305,4956428,10855748347,2182,2247,2218,36,1.65,2188,6,0.27,2160,2247
ثبات,صندوق س. ثبات ويستا -د,1302,59407648,665519108512,11162,11202,11203,41,0.37,11203,41,0.37,11202,11204
فاذر,صنايع‌ آذرآب‌,1292,56414589,43282069345,772,772,763,-9,-1.17,767,-5,-0.65,750,790
دماوند,توليد نيروي برق دماوند,1273,3397829,62273895930,17930,18330,18050,120,0.67,18330,400,2.23,17820,18820
وپوياح,ح. سرمايه گذاري پويا,1245,6598169,5592289705,847,843,849,2,0.24,848,1,0.12,833,865
غگل,گلوكوزان‌,1224,19988991,65948062462,3216,3237,3340,124,3.86,3299,83,2.58,3220,3370
ضسپا3016,اختيارخ خساپا-2500-1401/03/25,1205,69472,3104057000,46,51,38,-8,-17.39,45,-1,-2.17,37,51
وكبهمن,مديريت سرمايه گذاري كوثربهمن,1201,1085411,10058923010,9280,9300,9250,-30,-0.32,9270,-10,-0.11,9180,9440
زملاردح,ح.كشاورزي و دامپروري ملارد شير,1201,450288,2062128903,4604,4610,4620,16,0.35,4580,-24,-0.52,4500,4827
خمهر,مهركام‌پارس‌,1197,35414869,60710395104,1758,1774,1681,-77,-4.38,1714,-44,-2.5,1671,1822
سپيدار,سپيدار سيستم آسيا,1188,211490,4287390150,20300,20300,20350,50,0.25,20300,0,0,20000,20550
كگل,معدني و صنعتي گل گهر,1172,4592740,60410391720,12980,12820,13200,220,1.69,13070,90,0.69,12820,13620
چخزر,صنايع چوب خزر كاسپين,1170,406495,10825124350,26850,26800,26550,-300,-1.12,26650,-200,-0.74,26250,27300
وپست,پست بانك ايران,1167,13560643,45846598918,3433,3588,3320,-113,-3.29,3381,-52,-1.51,3306,3588
غگيلا,شيرپاستوريزه پگاه گيلان,1166,1695584,22964961920,13790,14050,13400,-390,-2.83,13540,-250,-1.81,13310,14050
ولساپا,ليزينگ رايان‌ سايپا,1136,53624481,80585735240,1506,1524,1470,-36,-2.39,1503,-3,-0.2,1463,1524
بپيوند,برق و انرژي پيوندگستر پارس,1127,1391393,11722383470,8420,8620,8400,-20,-0.24,8420,0,0,8350,8620
زملارد,كشاورزي و دامپروري ملارد شير,1118,1392300,10541275770,7370,7690,7660,290,3.93,7510,140,1.9,7120,7730
آپ,آسان پرداخت پرشين,1114,6810123,43792439230,6430,6490,6350,-80,-1.24,6430,0,0,6310,6630
غسالم,سالمين‌,1114,18004409,50304200587,2668,2800,2801,133,4.99,2794,126,4.72,2712,2801
وسپهر,سرمايه گذاري مالي سپهرصادرات,1105,1890465,13463034680,7110,7130,7110,0,0,7110,0,0,7090,7310
بگيلان,توسعه مسير برق گيلان,1097,624648,7487389950,11710,12000,12080,370,3.16,11810,100,0.85,11760,12140
غكورش,صنعت غذايي كورش,1085,1483462,51908747470,34840,34300,35320,480,1.38,34990,150,0.43,34300,35600
خمحركه,نيرو محركه‌,1083,15560376,48522351380,3102,3229,3044,-58,-1.87,3118,16,0.52,2980,3229
ثشاهد,سرمايه‌ گذاري‌ شاهد,1082,6910890,51854082300,7440,7680,7490,50,0.67,7500,60,0.81,7430,7680
امين,تامين سرمايه امين,1081,470016,5053725020,10750,10760,10750,0,0,10750,0,0,10750,10770
شغدير,پتروشيمي غدير,1077,1319707,110651103460,80130,80550,84130,4000,4.99,83850,3720,4.64,80550,84130
سرو,صندوق س سروسودمند مدبران-سهام,1075,1778019,127176892560,70750,71840,71700,950,1.34,71530,780,1.1,70350,72590
شلرد,كود شيميايي اوره لردگان,1062,13783132,161824517690,11480,11790,11820,340,2.96,11740,260,2.26,11480,11820
تاپيكو,س. نفت و گاز و پتروشيمي تأمين,1058,14864341,203580512030,13100,13310,13750,650,4.96,13700,600,4.58,13300,13750
لپيام,گسترش صنايع پيام,1054,2482011,47492319950,19020,18870,19590,570,3,19130,110,0.58,18450,19590
بكاب,صنايع‌جوشكاب‌يزد,1052,572193,32322635450,57620,58890,55800,-1820,-3.16,56490,-1130,-1.96,55150,58890
پيزد,مجتمع صنايع لاستيك يزد,1043,2142096,24518291940,11020,11400,11570,550,4.99,11450,430,3.9,11010,11570
كزغال,زغال سنگ پروده طبس,1041,917973,15016979690,16260,15910,16510,250,1.54,16320,60,0.37,15910,16640
تپولا,مهندسي مرآت پولاد,1029,3262745,48054179670,14830,15150,14400,-430,-2.9,14730,-100,-0.67,14390,15150
ومدير,گ.مديريت ارزش سرمايه ص ب كشوري,1028,6226962,21706514353,3483,3446,3500,17,0.49,3486,3,0.09,3446,3549
سيتا,سرمايه گذاري سيمان تامين,1025,2008613,17992806410,8860,9000,8900,40,0.45,8900,40,0.45,8900,9100
ثاخت,بين‌المللي‌توسعه‌ساختمان,1012,23802806,43790580279,1871,1890,1849,-22,-1.18,1840,-31,-1.66,1822,1899
وثنو,سرمايه گذاري ساختماني نوين,1009,19313199,61546843123,3135,3041,3229,94,3,3187,52,1.66,3041,3229
وامير,گروه صنعتي و معدني امير,1006,48890,14493457600,305150,297000,296000,-9150,-3,296450,-8700,-2.85,296000,304000
فاسمين,كالسيمين‌,1005,10076445,194858700470,18470,19000,19390,920,4.98,19340,870,4.71,19000,19390
كچاد,معدني‌وصنعتي‌چادرملو,999,2211155,35988185650,16020,16150,16240,220,1.37,16100,80,0.5,16020,16590
هرمز,فولاد هرمزگان جنوب,984,8143754,128468004190,15120,15450,15870,750,4.96,15780,660,4.37,15300,15870
كگلح,ح . معدني و صنعتي گل گهر,981,2814859,27409065470,9660,9780,9800,140,1.45,9740,80,0.83,9560,9900
كماسه,تامين‌ ماسه‌ ريخته‌گري‌,970,15414047,53206911398,3591,3650,3412,-179,-4.98,3452,-139,-3.87,3412,3700
بجهرم,توسعه مولد نيروگاهي جهرم,959,21293426,40819309384,1872,1920,1914,42,2.24,1917,45,2.4,1881,1940
كفپارس,فرآورده‌هاي‌ نسوز پارس‌,955,19407007,61329637068,3281,3250,3150,-131,-3.99,3160,-121,-3.69,3117,3373
سيمرغ,سيمرغ,953,2769091,65968069510,23620,23790,24060,440,1.86,23820,200,0.85,23000,24200
حفارس,حمل و نقل بين المللي خليج فارس,952,12447890,103315928070,8720,8380,8290,-430,-4.93,8300,-420,-4.82,8290,8650
بالاس,مهندسي ساختمان تاسيسات راه آهن,940,5882379,212438427100,34700,36000,36300,1600,4.61,36100,1400,4.03,35150,36400
قچار,فراوردههاي غذايي وقند چهارمحال,938,5571763,74948685210,12880,13520,13250,370,2.87,13450,570,4.43,13190,13520
حگردش,ريل گردش ايرانيان,938,8756664,21059602905,2370,2397,2385,15,0.63,2405,35,1.48,2338,2441
شصدف,صنعتي دوده فام,928,1109092,35015605850,32100,31450,31300,-800,-2.49,31550,-550,-1.71,31150,32550
قزوين,كارخانجات‌ قند قزوين‌,921,18194543,69301935810,3685,3810,3869,184,4.99,3809,124,3.36,3560,3869
شبصير,توليدات پتروشيمي قائد بصير,917,868929,90009642300,103100,104600,102950,-150,-0.15,103600,500,0.48,102900,108200
ولپارس,ليزينگ پارسيان,908,1812552,5136133827,2831,2900,2832,1,0.04,2832,1,0.04,2723,2900
فسپا,گروه‌صنعتي‌سپاهان‌,901,3676479,52407295910,13750,13990,14200,450,3.27,14250,500,3.64,13850,14430
فنفت,صنايع تجهيزات نفت,899,1742132,57456903450,33050,33700,33000,-50,-0.15,33000,-50,-0.15,32150,33700
ثنوسا,نوسازي‌وساختمان‌تهران‌,893,16555626,75543131959,4371,4371,4589,218,4.99,4563,192,4.39,4360,4589
خكمك,كمك‌فنرايندامين‌,890,2170556,38693306520,18380,18500,17470,-910,-4.95,17830,-550,-2.99,17470,18500
افرا,افرانت,887,2509006,55471795300,22500,23100,21600,-900,-4,22100,-400,-1.78,21400,23100
شسينا,صنايع‌شيميايي‌سينا,881,19254705,32577365093,1623,1704,1704,81,4.99,1692,69,4.25,1656,1704
خزر,فنرسازي‌زر,877,4395177,40297457250,9510,9590,9120,-390,-4.1,9170,-340,-3.58,9120,9590
لطيف,محصولات كاغذي لطيف,876,133504,4617752550,34100,34350,34600,500,1.47,34250,150,0.44,34350,35000
ثفارس,عمران‌وتوسعه‌فارس‌,874,5397813,30307161790,5640,5900,5480,-160,-2.84,5610,-30,-0.53,5450,5900
البرز,بيمه البرز,859,28645943,47244799147,1605,1662,1662,57,3.55,1649,44,2.74,1590,1685
وصنا,گروه‌صنايع‌بهشهرايران‌,857,9260211,30146784970,3321,3388,3297,-24,-0.72,3256,-65,-1.96,3201,3388
تاصيكو,سرمايه گذاري صدرتامين,853,11164730,100668483730,8610,8780,9000,390,4.53,8980,370,4.3,8750,9040
فتوسا,توليد و توسعه سرب روي ايرانيان,845,530732,5853038440,10830,10830,11060,230,2.12,10910,80,0.74,10700,11200
تاپكيش,تجارت الكترونيك پارسيان كيش,845,3340418,39939184710,12350,12500,12000,-350,-2.83,11960,-390,-3.16,11740,12500
بكهنوج,توليد برق ماهتاب كهنوج,835,25166654,28325264547,1116,1147,1146,30,2.69,1126,10,0.9,1090,1149
ولكار,ليزينگ كارآفرين,830,598322,3118826540,5090,5210,5230,140,2.75,5110,20,0.39,5210,5230
حسير,ريل سير كوثر,828,2720322,53601447300,19500,19400,19610,110,0.56,19700,200,1.03,19010,19930
ملت,بيمه ملت,818,20867976,24286594923,1188,1224,1150,-38,-3.2,1164,-24,-2.02,1145,1224
فباهنر,مس‌ شهيدباهنر,817,1385682,37292399290,26220,27110,26490,270,1.03,26910,690,2.63,26220,27470
لابسا,آبسال‌,806,7815340,50850312220,6830,6810,6490,-340,-4.98,6510,-320,-4.69,6490,6810
زاگرس,پتروشيمي زاگرس,804,209889,39161819950,183100,189600,186750,3650,1.99,184450,1350,0.74,183650,189600
فروي,ذوب روي اصفهان,798,1655964,26440302500,15380,15800,16120,740,4.81,15970,590,3.84,15480,16140
غبشهر,صنعتي‌ بهشهر,795,29267607,95228489476,3118,3230,3273,155,4.97,3254,136,4.36,3155,3273
رافزا,رايان هم افزا,791,92243,4238152300,45700,47000,45700,0,0,45750,50,0.11,45200,47050
زقيام,كشت و دام قيام اصفهان,781,17906645,38571894129,2075,2165,2127,52,2.51,2154,79,3.81,2081,2178
شفن,پتروشيمي فناوران,780,4283977,48894522100,10880,11400,11420,540,4.96,11090,210,1.93,11270,11420
قثابت,قند ثابت‌ خراسان‌,775,15323760,26652824430,1700,1745,1728,28,1.65,1739,39,2.29,1700,1775
وپارس,بانك‌پارسيان‌,771,22517893,39663893231,1720,1806,1730,10,0.58,1735,15,0.87,1714,1806
كارين,صندوق س نگين سامان-ثابت,766,35103066,353211484126,10041,10062,10066,25,0.25,10062,21,0.21,10060,10066
خرينگ,رينگ‌سازي‌مشهد,751,1535501,34643585500,22520,23600,21910,-610,-2.71,22560,40,0.18,21780,23600
خكاوه,سايپا ديزل,747,10694687,56741941310,5230,5370,5180,-50,-0.96,5310,80,1.53,5170,5380
تنوين,تامين سرمايه نوين,739,22397623,88015134400,4018,4082,3955,-63,-1.57,3930,-88,-2.19,3854,4082
غشهد,شهد ايران ‌,732,11089255,51651340388,4463,4686,4686,223,5,4658,195,4.37,4512,4686
كيسون,شركت كيسون,730,19768814,27049144081,1379,1390,1361,-18,-1.31,1368,-11,-0.8,1340,1393
جم پيلن,پتروشيمي جم پيلن,725,547066,72260033400,130050,130450,134200,4150,3.19,131500,1450,1.11,130000,135200
لكما,كارخانجات‌مخابراتي‌ايران‌,721,19376337,15729706465,813,830,811,-2,-0.25,812,-1,-0.12,800,830
تليسه,دامداري تليسه نمونه,719,12287496,27843874021,2183,2238,2292,109,4.99,2266,83,3.8,2186,2292
حفاري,حفاري شمال,698,7985803,35641386306,4398,4550,4437,39,0.89,4463,65,1.48,4401,4550
پارسان,گسترش نفت و گاز پارسيان,698,5415035,153563445470,27090,27600,28440,1350,4.98,28360,1270,4.69,27600,28440
كاوه,فولاد كاوه جنوب كيش,694,4664204,58011789090,11960,12320,12480,520,4.35,12330,370,3.09,12210,12550
غپاك,لبنيات‌ پاك‌,690,2293845,22498062280,9530,9490,10000,470,4.93,9810,280,2.94,9490,10000
وپويا,سرمايه گذاري پويا,687,4093445,9930136691,2393,2471,2427,34,1.42,2414,21,0.88,2362,2471
وبرق,س.کارکنان صنعت برق زنجان وقزوي,686,537891,34956785300,66900,65200,64900,-2000,-2.99,65000,-1900,-2.84,64900,66900
كلر,كلر پارس,674,793569,70168572950,84250,88450,88450,4200,4.99,88400,4150,4.93,86200,88450
سصفها,سيمان‌اصفهان‌,672,1219130,44013289550,37460,38890,35590,-1870,-4.99,36100,-1360,-3.63,35590,38890
ديران,ايران‌دارو,672,1603666,21471291320,13520,13850,13210,-310,-2.29,13390,-130,-0.96,13170,13850
بنو,بيمه تجارت نو,664,4009111,19347887136,4944,5100,4707,-237,-4.79,4826,-118,-2.39,4700,5140
قشير,قند شيروان قوچان و بجنورد,660,5839994,33428980080,5500,5520,5770,270,4.91,5720,220,4,5510,5770
خموتور,موتورسازان‌تراكتورسازي‌ايران‌,659,6082378,22006608281,3666,3710,3560,-106,-2.89,3618,-48,-1.31,3501,3800
افق ملت,صندوق س در سهام افق ملت,657,98618,13594121800,134980,135800,138680,3700,2.74,137850,2870,2.13,135010,139630
كترام,توليدي‌ كاشي‌ تكسرام‌,653,1605670,42396205780,27500,27890,26130,-1370,-4.98,26400,-1100,-4,26130,27890
ماني,صندوق س. با درآمد ثابت ماني,639,13999075,157199181360,11191,11229,11230,39,0.35,11229,38,0.34,11229,11230
وملي,گروه‌ صنعتي‌ ملي‌ (هلدينگ‌,634,280757,33769395430,120340,120000,119540,-800,-0.66,120280,-60,-0.05,118100,122770
كرازي,كارخانجات‌توليدي‌شيشه‌رازي‌,628,22109153,30793725691,1401,1433,1402,1,0.07,1393,-8,-0.57,1361,1433
فجر,فولاد اميركبيركاشان,626,2089896,40961704580,18810,19220,19750,940,5,19600,790,4.2,18960,19750
چدن,توليدي چدن سازان,617,14195162,27901149724,1935,1974,1952,17,0.88,1966,31,1.6,1937,2028
چكاوه,صنايع‌كاغذسازي‌كاوه‌,615,3721989,22532585510,6300,6350,6010,-290,-4.6,6050,-250,-3.97,5990,6390
ضخود3059,اختيارخ خودرو-3000-1401/03/04,608,30868,1658644000,50,65,45,-5,-10,54,4,8,45,70
چكارن,كارتن‌ ايران‌,608,21517004,52059385411,2414,2360,2440,26,1.08,2419,5,0.21,2360,2457
آساميد,صندوق س.مشترك آسمان اميد -د,602,6807807,98097053413,14386,14410,14410,24,0.17,14409,23,0.16,14409,14410
فرآور,فرآوري‌موادمعدني‌ايران‌,602,1285485,33241160910,24690,25320,25920,1230,4.98,25860,1170,4.74,24690,25920
خكرمان,سرمايه گذاري آرمان گستر پاريز,602,11417508,32617961654,2869,2900,2798,-71,-2.47,2857,-12,-0.42,2798,2955
فسرب,ملي‌ سرب‌وروي‌ ايران‌,601,12993411,18815274417,1442,1467,1445,3,0.21,1448,6,0.42,1400,1468
قپيرا,فرآورده‌هاي‌غدايي‌وقندپيرانشهر,596,4472419,29865938200,6970,6990,6850,-120,-1.72,6680,-290,-4.16,6630,7000
ولصنم,ليزينگ‌صنعت‌ومعدن‌,594,5949568,23396357838,3926,4000,3983,57,1.45,3932,6,0.15,3730,4071
غپينو,پارس‌ مينو,591,10273793,18759181087,1849,1890,1806,-43,-2.33,1826,-23,-1.24,1796,1892
پلاسك,پلاسكوكار,589,7023101,21462809347,3015,3165,2950,-65,-2.16,3056,41,1.36,2922,3165
كتوكا,توليدي و خدمات صنايع نسوز توكا,588,3289495,23303957230,6930,7040,7250,320,4.62,7080,150,2.16,6830,7250
حآسا,آسيا سير ارس,587,2823353,33093508160,11900,12190,11660,-240,-2.02,11720,-180,-1.51,11470,12190
سفاسي,شركت فارسيت اهواز,586,6438521,19537152255,2977,3007,3050,73,2.45,3034,57,1.91,2916,3066
خودكفا,اقتصادي و خودكفايي آزادگان,585,4142526,27304374840,6610,6650,6620,10,0.15,6590,-20,-0.3,6470,6790
قرن,پديده شيمي قرن,585,1304378,29316244370,22940,22730,22410,-530,-2.31,22480,-460,-2.01,22350,22940
حاريا,كشتيراني آريا,583,2943878,15874952130,5390,5470,5300,-90,-1.67,5390,0,0,5290,5490
فايرا,آلومينيوم‌ايران‌,582,2414556,45825817710,18170,19050,19050,880,4.84,18680,510,2.81,18500,19070
وبوعلي,سرمايه‌گذاري‌بوعلي‌,575,10188178,39832430082,3762,3810,3950,188,5,3910,148,3.93,3765,3950
ونفت,سرمايه‌گذاري‌ صنعت‌ نفت‌,572,6684911,26555638718,3890,3920,3980,90,2.31,3972,82,2.11,3920,4030
ثتران,سرمايه گذاري مسكن تهران,564,7572421,19008705636,2585,2609,2496,-89,-3.44,2510,-75,-2.9,2485,2609
فروس,فروسيليس‌ ايران‌,563,6260867,40954834250,6470,6470,6580,110,1.7,6540,70,1.08,6350,6680
فالوم,آلومتك‌,558,1904073,23633200170,12100,12440,12130,30,0.25,12410,310,2.56,11910,12460
وبانك,سرمايه گذاري گروه توسعه ملي,556,6116810,50403189690,8170,8280,8280,110,1.35,8210,40,0.49,8150,8400
تسه0011,امتيازتسهيلات مسكن بهمن 1400,555,9376,10928249775,1200849,1150000,1160000,-40849,-3.4,1165556,-35293,-2.94,1140807,1260891
شيراز,پتروشيمي‌شيراز,552,2149372,141334231190,62730,65000,65860,3130,4.99,65760,3030,4.83,63720,65860
شراز,پالايش نفت شيراز,548,423192,55190690550,125250,129650,131500,6250,4.99,130400,5150,4.11,127500,131500
غصينو,صنعتي مينو,547,1706363,24648348990,14420,15100,14600,180,1.25,14430,10,0.07,14220,15100
مبين,مبين انرژي خليج فارس,545,3627778,79979770160,21690,22530,21500,-190,-0.88,21920,230,1.06,21460,22540
كسرا,سراميك‌هاي‌صنعتي‌اردكان‌,540,8291052,48210210650,5690,5900,5820,130,2.28,5810,120,2.11,5700,5940
حريل,ريل پردازسير,539,9046248,21140195175,2315,2379,2309,-6,-0.26,2337,22,0.95,2230,2410
زنگان,صنعت روي زنگان,530,540783,22624798250,41650,41000,42000,350,0.84,41850,200,0.48,39600,42950
پكوير,كوير تاير,528,5423635,25259599983,4598,4580,4718,120,2.61,4657,59,1.28,4550,4750
ثنام,س ساختماني ب نام آوران مهندسي,524,6301766,34297919350,5200,5460,5460,260,5,5440,240,4.62,5300,5460
اپال,فرآوري معدني اپال كاني پارس,522,1024861,23038371630,22530,21980,22280,-250,-1.11,22520,-10,-0.04,21980,22610
شرانل,نفت ايرانول,521,1866475,79843160500,40900,42000,42900,2000,4.89,42800,1900,4.65,41650,42900
فلوله,لوله‌وماشين‌سازي‌ايران‌,520,16171030,21538852706,1280,1330,1344,64,5,1332,52,4.06,1280,1344
پدرخش,درخشان‌ تهران‌,519,3061587,19723444510,6430,6550,6400,-30,-0.47,6440,10,0.16,6230,6630
ساذري,آذريت‌,514,2771809,14010521950,5090,5120,5140,50,0.98,5050,-40,-0.79,4940,5230
ماديرا,صنايع ماديران,510,3688080,13995636017,3725,3750,3810,85,2.28,3795,70,1.88,3750,3869
اخابر,مخابرات ايران,510,13523957,94393073920,6650,6980,6980,330,4.96,6900,250,3.76,6940,6980
شفارس,صنايع‌ شيميايي‌ فارس‌,509,17396695,16231511439,921,919,928,7,0.76,933,12,1.3,919,955
ثالوند,سرمايه گذاري مسكن الوند,503,4137537,22292150420,5170,5220,5400,230,4.45,5390,220,4.26,5220,5420
دتوليد,داروسازي توليد دارو,501,3715184,22681814010,6190,6330,6060,-130,-2.1,6110,-80,-1.29,6040,6330
فنوال,نورد آلومينيوم‌,499,1030971,23312232010,21930,22550,22880,950,4.33,22610,680,3.1,22100,22980
زبينا,كشاورزي و دامپروري بينالود,497,7055064,15963630649,2209,2150,2317,108,4.89,2263,54,2.44,2150,2319
تپمپي,پمپ‌ سازي‌ ايران‌,496,1256377,33124802870,27630,27110,26330,-1300,-4.71,26370,-1260,-4.56,26250,27790
غدام,خوراك‌  دام‌ پارس‌,494,504953,19095253290,36530,38200,38350,1820,4.98,37820,1290,3.53,36930,38350
حتوكا,حمل‌ونقل‌توكا,488,1803141,23675213290,13090,13200,12990,-100,-0.76,13130,40,0.31,12880,13360
ومهان,گروه توسعه مالي مهر آيندگان,486,9318885,39652918456,4171,4260,4230,59,1.41,4236,65,1.56,4230,4300
زكوثر,سرمايه گذاري كشاورزي كوثر,481,1059581,14167095010,13320,13400,13430,110,0.83,13370,50,0.38,13110,13750
ياقوت,صندوق س ياقوت آگاه-ثابت,481,3469616,50076001688,14417,14431,14436,19,0.13,14433,16,0.11,14431,14439
شبهرن,نفت‌ بهران‌,479,1817705,19903304500,10540,10880,10910,370,3.51,10700,160,1.52,10750,11000
اطلس,صندوق س.توسعه اطلس مفيد-س,478,156028,37932605894,239903,240001,244600,4697,1.96,243114,3211,1.34,240001,245001
شرنگي,شيميايي رنگين,478,66867,21580363200,314650,324050,318000,3350,1.06,322750,8100,2.57,309650,324050
غشهداب,كشت و صنعت شهداب ناب خراسان,467,5929622,13718839697,2308,2359,2316,8,0.35,2313,5,0.22,2279,2375
وتوكا,سرمايه‌گذاري‌توكافولاد(هلدينگ,465,4901981,36293852650,7100,7170,7450,350,4.93,7400,300,4.23,7040,7450
كمرجان,بازرگاني و توليدي مرجان كار,465,7247969,32740233715,4731,4685,4495,-236,-4.99,4517,-214,-4.52,4495,4685
ارفع,شركت آهن و فولاد ارفع,464,2809482,36246944320,12750,13000,13200,450,3.53,12840,90,0.71,12360,13310
سفارس,سيمان فارس و خوزستان,463,2234998,38195572410,17320,17180,17070,-250,-1.44,17090,-230,-1.33,16740,17600
خبازرس,بازرسي مهندسي و صنعتي ايران,461,1734223,27844760400,15650,16110,16110,460,2.94,16060,410,2.62,15410,16110
غمارگ,مارگارين‌,456,10475745,24683855047,2260,2325,2373,113,5,2356,96,4.25,2300,2373
فپنتا,سپنتا,450,52703,24116767950,444510,451980,466730,22220,5,457600,13090,2.94,434010,466730
كروي,توسعه‌ معادن‌ روي‌ ايران‌,443,2476282,61907600720,23820,25010,25010,1190,5,25000,1180,4.95,24770,25010
بالبر,كابل‌ البرز,442,496171,12826212490,26770,26000,25450,-1320,-4.93,25960,-810,-3.03,25440,26980
شپارس,بين‌ المللي‌ محصولات‌  پارس‌,440,7155348,39390865090,5380,5450,5640,260,4.83,5510,130,2.42,5230,5640
گكوثر,هتل پارسيان كوثر اصفهان,440,15858274,22270769205,1344,1400,1411,67,4.99,1404,60,4.46,1362,1411
وپاسار,بانك  پاسارگاد,436,6106835,52111244240,8410,8450,8570,160,1.9,8460,50,0.59,8410,8730
فولاي,صنايع فولاد آلياژي يزد,436,1848078,16240900940,8660,8910,8730,70,0.81,8790,130,1.5,8670,8950
فنورد,نوردوقطعات‌ فولادي‌,436,151610,26015647630,170230,171000,172800,2570,1.51,171600,1370,0.8,170010,172990
آباد,توريستي ورفاهي آبادگران ايران,434,439062,17104380340,40630,41000,38600,-2030,-5,38960,-1670,-4.11,38600,41000
جم,پتروشيمي جم,432,1778914,75138334040,42330,42990,42330,0,0,42260,-70,-0.17,42000,42990
وايران,ليزينگ ايرانيان,429,10980847,26407582610,2457,2413,2456,-1,-0.04,2405,-52,-2.12,2351,2474
خشرق,الكتريك‌ خودرو شرق‌,429,2873072,28399844000,9720,10150,9580,-140,-1.44,9880,160,1.65,9510,10150
وساخت,سرمايه‌ گذاري‌ ساختمان‌ايران‌,419,643057,17928918550,28340,28340,27600,-740,-2.61,27880,-460,-1.62,27350,28800
پرداخت,به پرداخت ملت,413,2137013,43105773100,19280,18730,20240,960,4.98,20170,890,4.62,18730,20240
ثباغ,شهر سازي و خانه سازي باغميشه,412,2473849,18768165300,7340,7520,7670,330,4.5,7590,250,3.41,7450,7670
بپاس,بيمه پاسارگاد,412,1351237,58890806650,42850,42900,44150,1300,3.03,43200,350,0.82,42900,44350
سپاها,سيمان‌سپاهان‌,412,4357660,35036650360,8020,8210,8190,170,2.12,8040,20,0.25,7860,8210
وسكاب,س.ص.بازنشستگي كاركنان بانكها,411,10076860,24360266326,2328,2310,2430,102,4.38,2417,89,3.82,2310,2444
وآرين,شركت توسعه اقتصادي آرين,407,10729876,11047138692,1056,1076,1025,-31,-2.94,1030,-26,-2.46,1025,1076
زماهان,مجتمع توليد گوشت مرغ ماهان,407,3579375,24901769820,6810,7100,7010,200,2.94,6960,150,2.2,6740,7140
شلعاب,لعابيران‌,406,3335661,14464899032,4258,4265,4370,112,2.63,4332,74,1.74,4265,4400
ونيرو,سرمايه‌گذاري‌نيرو,405,5338132,11312736739,2126,2170,2117,-9,-0.42,2121,-5,-0.24,2102,2200
فزرين,زرين معدن آسيا,405,2804422,33239585040,11300,11860,11860,560,4.96,11850,550,4.87,11600,11860
ركيش,كارت اعتباري ايران كيش,400,2429505,10287761524,4273,4285,4210,-63,-1.47,4246,-27,-0.63,4200,4370
تصميم,صندوق س با درآمد ثابت تصميم,399,8736918,167952711924,19193,19224,19226,33,0.17,19223,30,0.16,19208,19241
ثعتما,س. ساختماني اعتماد گستر,399,1468919,18514712870,12370,12480,12740,370,2.99,12600,230,1.86,12070,12740
واتي,سرمايه‌ گذاري‌ آتيه‌ دماوند,395,4068765,37569629620,8990,9250,9220,230,2.56,9230,240,2.67,9010,9430
ولغدر,ليزينگ‌خودروغدير,390,2017434,14854276720,7420,7600,7510,90,1.21,7360,-60,-0.81,7220,7600
حآفرين,ريل پرداز نو آفرين,388,4121427,14493116455,3536,3620,3599,63,1.78,3517,-19,-0.54,3447,3664
كسرام,پارس‌ سرام‌,387,6860899,31770102662,4447,4640,4542,95,2.14,4631,184,4.14,4500,4664
وخاور,بانك خاورميانه,386,8100450,43614588360,5460,5520,5300,-160,-2.93,5400,-60,-1.1,5280,5540
شپترو,پتروشيمي آبادان,386,4017619,9442554435,2340,2360,2328,-12,-0.51,2350,10,0.43,2328,2410
اميدح,ح . تامين سرمايه اميد,382,4109466,14244982801,3589,3690,3460,-129,-3.59,3466,-123,-3.43,3409,3690
خريخت,صنايع‌ريخته‌گري‌ايران‌,382,6457114,18980784404,2958,2950,2920,-38,-1.28,2940,-18,-0.61,2831,3080
سشرق,سيمان‌ شرق‌,381,1481922,11271774180,7660,7870,7530,-130,-1.7,7620,-40,-0.52,7510,7870
توريل,توكاريل,379,2102107,14965148280,7040,7250,7200,160,2.27,7120,80,1.14,7010,7250
كمنگنز,معادن‌منگنزايران‌,378,1554247,20409397450,13130,13580,13100,-30,-0.23,13130,0,0,13000,13580
طلا,صندوق س.پشتوانه طلاي لوتوس,378,191477,16334490843,84603,85950,85402,799,0.94,85308,705,0.83,84720,85950
كهمدا,شيشه‌ همدان‌,377,2532066,23774107840,9310,9410,9370,60,0.64,9390,80,0.86,9200,9590
سفانو,سيمان فارس نو,375,1646561,45496003690,27040,26510,28080,1040,3.85,27630,590,2.18,26510,28190
مرقام,ايران‌ارقام‌,375,2045941,15629345810,7680,7890,7620,-60,-0.78,7640,-40,-0.52,7400,7890
بكام,كارخانجات توليدي شهيد قندي,374,5692817,8917794994,1563,1618,1569,6,0.38,1565,2,0.13,1542,1618
دتوزيع,توزيع دارو پخش,372,1039039,27691750500,25750,26500,27000,1250,4.85,26650,900,3.5,25850,27000
حبندر,دريايي و کشتيراني خط دريابندر,369,783953,17942251050,23050,23300,22400,-650,-2.82,22900,-150,-0.65,22400,23700
ولقمان,سرمايه گذاري لقمان,368,1537780,5597660226,3478,3651,3651,173,4.97,3565,87,2.5,3600,3651
ختراك,ريخته‌گري‌ تراكتورسازي‌ ايران‌,365,4214720,22939293200,5500,5700,5470,-30,-0.55,5440,-60,-1.09,5300,5700
كپارس,كاشي‌ پارس‌,362,1634366,12214103050,7480,7390,7410,-70,-0.94,7470,-10,-0.13,7370,7670
كمنگنزح,ح . معادن‌منگنزايران‌,357,1367383,12515582950,9060,9310,9170,110,1.21,9150,90,0.99,8860,9340
پكرمان,گروه‌ صنعتي‌ بارز,356,1202603,16573492480,13640,14210,13610,-30,-0.22,13780,140,1.03,13600,14210
دزهراوي,داروسازي‌زهراوي‌,354,2938351,11807952807,3920,3963,4024,104,2.65,3996,76,1.94,3930,4083
كنور,توسعه معدني و صنعتي صبانور,351,2112606,44305226310,20400,21070,20750,350,1.72,20650,250,1.23,20520,21110
وتوسم,سرمايه‌گذاري‌توسعه‌ملي‌,351,9026560,35704985915,3803,3899,3993,190,5,3956,153,4.02,3800,3993
شكام,صنايع شيميايي كيمياگران امروز,351,1278925,38016125900,30050,30000,29700,-350,-1.16,29750,-300,-1,29100,30800
زمگسا,كشاورزي‌ ودامپروي‌ مگسال‌,349,767235,14712685510,18430,19050,19350,920,4.99,19130,700,3.8,18750,19350
تبرك,گروه كارخانجات صنعتي تبرك,349,2095295,15220713740,7030,7290,7380,350,4.98,7260,230,3.27,7000,7380
خاهن,آهنگري‌ تراكتورسازي‌ ايران‌,348,2691679,13089555710,5007,5180,4860,-147,-2.94,4940,-67,-1.34,4800,5180
آرمان,بيمه آرمان,347,5304809,18925515274,3494,3390,3598,104,2.98,3568,74,2.12,3390,3598
ريشمك,توليد و صادرات ريشمك,347,747019,13766544140,17660,18300,18540,880,4.98,18340,680,3.85,17900,18540
وتوس,توسعه‌شهري‌توس‌گستر,346,1315649,9575379740,7480,7210,7200,-280,-3.74,7350,-130,-1.74,7150,7720
كپرور,فرآوري زغال سنگ پروده طبس,342,841917,22613086950,26950,27400,26900,-50,-0.19,26850,-100,-0.37,26000,27500
غبهار,كشت وصنعت بهاران گلبهار خراسان,335,785148,10622915660,13600,13600,13640,40,0.29,13530,-70,-0.51,13420,13780
دكپسول,توليد ژلاتين كپسول ايران,334,666233,21533601100,32500,32900,32300,-200,-0.62,32300,-200,-0.62,31500,32950
دبالك,مواد اوليه دارويي البرز بالك,334,1834656,12578246580,6810,6890,6770,-40,-0.59,6850,40,0.59,6600,7000
حسينا,توسعه خدمات دريايي وبندري سينا,333,529186,26948836450,50700,53150,52000,1300,2.56,50950,250,0.49,49300,53200
وگستر,گسترش سرمايه گذاري ايرانيان,333,2228200,9806484562,4219,4310,4429,210,4.98,4333,114,2.7,4310,4429
آكورد,صندوق س. آرمان آتي كوثر-د,332,5835795,219149776724,37467,37561,37553,86,0.23,37553,86,0.23,37550,37562
قنيشا,قند  نيشابور,329,250153,8057755570,31950,32360,32030,80,0.25,32090,140,0.44,32020,32480
شنفت,نفت‌ پارس‌,326,985077,8350668770,8390,8480,8510,120,1.43,8400,10,0.12,8370,8550
زشگزا,شير و گوشت زاگرس شهركرد,325,4193431,20324847368,4879,4930,4899,20,0.41,4847,-32,-0.66,4770,4980
غاذر,كشت‌وصنعت‌پياذر,323,643240,21614686020,34790,35700,33850,-940,-2.7,33600,-1190,-3.42,33060,35700
سپيدما,صندوق س. سپيد دماوند-د,323,14149451,171875628217,12113,12147,12147,34,0.28,12147,34,0.28,12147,12150
والبر,سرمايه‌ گذاري‌ البرز(هلدينگ‌,322,1734530,9913228550,5730,5630,5740,10,0.17,5720,-10,-0.17,5630,5890
شجم,صنايع پتروشيمي تخت جمشيد,322,1859740,20545041420,10810,10650,10800,-10,-0.09,10980,170,1.57,10650,11340
شتوكا,توكا رنگ فولاد سپاهان,321,697922,9234551370,12770,12490,13390,620,4.86,13040,270,2.11,12490,13400
قتربت,قند تربت حيدريه,318,41932,2213047850,53100,54050,52400,-700,-1.32,53050,-50,-0.09,52050,54650
زدشت,كشت و صنعت دشت خرم دره,317,1327199,18282777340,13310,13330,13970,660,4.96,13780,470,3.53,13330,13970
رنيك,جنرال مكانيك,316,710844,7791596560,10900,10920,10830,-70,-0.64,10930,30,0.28,10800,11200
تملت,تامين سرمايه بانك ملت,315,1718403,5043338785,2861,3004,2952,91,3.18,2881,20,0.7,2866,3004
فوكا,فولاد كاويان,315,1343686,18668083820,13520,13650,13920,400,2.96,13730,210,1.55,13550,13920
غمهرا,توليدي‌مهرام‌,314,2633018,22354435370,8820,9050,8540,-280,-3.17,8490,-330,-3.74,8380,9050
ستران,سيمان‌ تهران‌,312,622007,12557896980,20090,20600,19970,-120,-0.6,20170,80,0.4,19540,20700
دجابر,داروسازي‌ جابرابن‌حيان‌,311,1146700,10166657740,8650,8990,8770,120,1.39,8790,140,1.62,8740,9000
سبزوا,سيمان لار سبزوار,310,3347099,5965913656,1745,1829,1785,40,2.29,1760,15,0.86,1742,1829
آسيا,بيمه آسيا,310,6110270,9369274835,1513,1527,1530,17,1.12,1526,13,0.86,1480,1570
شدوص,دوده‌ صنعتي‌ پارس‌,307,2617510,30675476230,11250,11490,11810,560,4.98,11720,470,4.18,11150,11810
مدير,ص.س.مديريت ثروت ص.بازنشستگي-س,304,1476659,13656782603,9197,9160,9247,50,0.54,9248,51,0.55,9160,9350
شليا,شركت مواد ويژه ليا,303,1134096,25801276800,23400,22800,22700,-700,-2.99,22750,-650,-2.78,22700,23700
ارزش,صندوق س ارزش آفرين بيدار-سهام,303,2686902,25171886920,9310,9230,9350,40,0.43,9370,60,0.64,9230,9560
ميدكو,توسعه معادن وص.معدني خاورميانه,302,1052086,47911309120,45020,45050,45340,320,0.71,45220,200,0.44,45020,45950
خاتم,صندوق س خاتم ايساتيس پويا-ثابت,302,11643400,152809428278,13076,13124,13125,49,0.37,13124,48,0.37,13124,13125
نوين,بيمه نوين,299,8180040,16306901773,1908,1880,2003,95,4.98,1993,85,4.45,1880,2003
سخواف,سيمان مجد خواف,298,3123358,25852512670,8520,8270,8400,-120,-1.41,8280,-240,-2.82,8270,8490
كرماشا,صنايع پتروشيمي كرمانشاه,297,332232,17856297480,52290,53300,53870,1580,3.02,52630,340,0.65,52780,54000
دسانكو,داروسازي سبحان انكولوژي,296,890656,9579656060,10490,10870,10820,330,3.15,10760,270,2.57,10640,10870
ودي,بيمه  دي,296,2679540,9410133017,3532,3510,3550,18,0.51,3519,-13,-0.37,3460,3560
ساينا,صنايع بهداشتي ساينا,295,105872,7078160800,64900,68050,65450,550,0.85,65800,900,1.39,65450,68100
آوا,صندوق س.سهام آواي معيار-س,295,775645,6103925939,7864,7900,7873,9,0.11,7869,5,0.06,7740,8010
كاردان,صندوق س تجارت شاخصي كاردان,295,87502,16257266140,182570,185180,187250,4680,2.56,185790,3220,1.76,184200,189000
آريان,سرمايه گذاري پارس آريان,294,9624645,78030889100,8050,8050,8050,0,0,8090,40,0.5,8030,8200
سكرد,سيمان كردستان,293,2516747,14593894830,5910,6020,5860,-50,-0.85,5800,-110,-1.86,5730,6020
قمرو,قند مرودشت‌,293,797671,17554771980,22450,21650,21910,-540,-2.41,22010,-440,-1.96,21500,23500
شخارك,پتروشيمي‌ خارك‌,292,749816,37093992900,47620,49000,50000,2380,5,48280,660,1.39,48150,50000
رانفور,خدمات‌انفورماتيك‌,291,2778110,10746007298,3741,3880,3819,78,2.09,3766,25,0.67,3761,3900
وساپا,سرمايه‌گذاري‌ سايپا,291,13009181,42566040232,3117,3272,3272,155,4.97,3272,155,4.97,3272,3272
اوان,مبين وان كيش,290,947800,9979593740,10840,10370,10550,-290,-2.68,10630,-210,-1.94,10300,11050
بساما,بيمه سامان,286,1207692,15378252630,13130,13510,12860,-270,-2.06,12890,-240,-1.83,12480,13510
كسعدي,كاشي‌ سعدي‌,284,998292,7915939390,7970,7980,7900,-70,-0.88,7950,-20,-0.25,7780,8160
كساپا,سايپاشيشه‌,283,1280996,14255780680,10610,10760,11140,530,5,11080,470,4.43,10760,11140
ساربيل,سيمان آرتا اردبيل,279,567323,12871176540,21980,21710,23020,1040,4.73,22570,590,2.68,21710,23070
چفيبر,فيبر ايران‌,277,1775535,9832251260,5580,5610,5550,-30,-0.54,5550,-30,-0.54,5390,5650
فخاس,فولاد خراسان,276,915912,19396161550,20270,20790,21280,1010,4.98,20440,170,0.84,20000,21280
وصندوق,سرمايه‌گذاري‌صندوق‌بازنشستگي‌,274,4509096,55092902320,11680,12030,12250,570,4.88,11920,240,2.05,11770,12260
فولاژ,فولاد آلياژي ايران,274,1329047,10899574070,8070,8310,8290,220,2.73,8090,20,0.25,8000,8320
سمايه,بانك سرمايه,274,3921134,12340129863,3070,3162,3162,92,3,3147,77,2.51,3110,3162
نطرين,عطرين نخ قم,269,1167650,5724882929,4859,4850,4929,70,1.44,4903,44,0.91,4800,5050
درهآور,دارويي ره آورد تامين,268,686032,13936660850,20400,21000,20550,150,0.74,20300,-100,-0.49,19950,21000
وملل,اعتباري ملل,267,2115116,13098551350,6000,6110,6250,250,4.17,6100,100,1.67,6100,6280
وتوصا,گروه س توسعه صنعتي ايران,266,1585086,15422515550,9570,9580,9800,230,2.4,9730,160,1.67,9520,9800
اتكام,بيمه اتكايي امين,266,3541847,14299688707,4037,4070,4036,-1,-0.02,4037,0,0,3960,4160
داراب,پتروشيمي داراب,265,7206380,6536186660,881,907,907,26,2.95,898,17,1.93,907,907
درازكح,ح . دارويي‌ رازك‌,263,1375113,12177852370,9030,8900,8940,-90,-1,8860,-170,-1.88,8680,9040
فمراد,آلومراد,262,616506,6805290040,10700,11220,10860,160,1.5,10850,150,1.4,10640,11230
وبيمه,سرمايه‌ گذاري‌ صنعت‌ بيمه‌,261,6494632,10903736870,1719,1700,1670,-49,-2.85,1689,-30,-1.75,1640,1734
فسا,پتروشيمي فسا,261,5163273,4068820204,767,788,770,3,0.39,775,8,1.04,759,790
غالبر,لبنيات‌ كالبر,261,744021,6677636540,8790,9090,9000,210,2.39,8870,80,0.91,8850,9170
همراه,شركت ارتباطات سيار ايران,261,7038788,56591855520,7660,8040,8040,380,4.96,7830,170,2.22,8040,8040
وثوق,سرمايه گذاري وثوق امين,260,849682,4459060080,5190,5340,5270,80,1.54,5220,30,0.58,5100,5340
شفارا,پتروشيمي فارابي,258,1923529,10699390880,5570,5690,5720,150,2.69,5560,-10,-0.18,5420,5730
غديس,پاكديس,258,987182,10271070960,10410,10640,10520,110,1.06,10410,0,0,10160,10700
كطبس,ذغال‌سنگ‌ نگين‌ ط‌بس‌,255,792590,12402878510,15600,15200,15600,0,0,15640,40,0.26,15200,16350
آريانح,ح.سرمايه گذاري پارس آريان,252,3682281,23405330410,6420,6300,6440,20,0.31,6360,-60,-0.93,6250,6440
اپرداز,آتيه داده پرداز,252,564934,7140467180,12350,12780,12780,430,3.48,12480,130,1.05,12470,12960
افق,فروشگاههاي زنجيره اي افق كوروش,251,191924,8044111660,42320,41530,42000,-320,-0.76,42250,-70,-0.17,41530,42490
دامين,داروسازي‌ امين‌,250,3668351,7604088279,2071,2130,2089,18,0.87,2072,1,0.05,2000,2150
رتاپ,تجارت الكترونيك  پارسيان,249,1371699,6416840543,4710,4819,4679,-31,-0.66,4696,-14,-0.3,4601,4819
تسه9902,امتياز تسهيلات مسكن ارديبهشت99,247,4309,4694567718,1086781,1035000,1070055,-16726,-1.54,1089480,2699,0.25,1035000,1139944
سبهان,سيمان‌ بهبهان‌,246,158391,6693474530,41400,41450,42580,1180,2.85,41780,380,0.92,41450,42760
گوهران,سرمايه گذاري توسعه گوهران اميد,245,2105971,9321543077,4454,4392,4465,11,0.25,4437,-17,-0.38,4380,4544
زفكا,كشت و دامداري فكا,239,760176,5908962480,7640,7760,7800,160,2.09,7690,50,0.65,7670,7890
غشان,شيرپاستوريزه‌پگاه‌خراسان‌,239,2454652,8032763007,3178,3211,3265,87,2.74,3227,49,1.54,3211,3300
سرچشمه,سرمايه گذاري مس سرچشمه,236,2035267,8218759957,3956,4050,4073,117,2.96,4000,44,1.11,3941,4084
دتماد,توليدمواداوليه‌داروپخش‌,236,543976,19284311680,35440,35500,35450,10,0.03,35450,10,0.03,35340,36000
خلنت,لنت‌ ترمزايران‌,235,257536,11440791250,42370,44390,44480,2110,4.98,43860,1490,3.52,42990,44480
فجام,جام‌دارو,233,3628714,13089847996,3588,3660,3600,12,0.33,3605,17,0.47,3550,3660
زشريف,كشت وصنعت شريف آباد,233,4544013,14160173177,2985,3073,3134,149,4.99,3104,119,3.99,3001,3134
غبهنوش,بهنوش‌ ايران‌,233,158182,8349767830,53000,53730,52500,-500,-0.94,52880,-120,-0.23,51110,54040
ساراب,سيمان‌ داراب‌,233,532155,8470674350,15870,16090,16500,630,3.97,15900,30,0.19,15400,16500
دلر,داروسازي‌ اكسير,232,320515,12362777020,38850,39730,38650,-200,-0.51,38650,-200,-0.51,38050,39730
دلقما,دارويي‌ لقمان‌,231,3985328,6393461665,1591,1649,1587,-4,-0.25,1597,6,0.38,1550,1649
غشصفا,شيرپاستوريزه‌پگاه‌اصفهان‌,231,868838,17487588190,19990,20400,20180,190,0.95,20130,140,0.7,19800,20760
حپترو,حمل و نقل پتروشيمي( سهامي عام,230,440607,8704646010,20020,20320,19470,-550,-2.75,19860,-160,-0.8,19460,20320
قشكر,شكرشاهرود,230,4086232,8159720015,1985,2000,1996,11,0.55,1991,6,0.3,1930,2066
ضخود2015,اختيارخ خودرو-1400-1401/02/07,230,10769,10960933000,981,1140,1000,19,1.94,1018,37,3.77,971,1140
لسرما,سرما آفرين‌,230,379254,6776770450,17690,17990,17910,220,1.24,17770,80,0.45,17710,18250
كاذر,فرآورده‌هاي‌نسوزآذر,229,938477,11719341810,12700,12940,12300,-400,-3.15,12530,-170,-1.34,12220,12980
كپشير,پشم‌شيشه‌ايران‌,227,683083,5945359440,8750,8780,8790,40,0.46,8730,-20,-0.23,8630,9000
ونيكي,سرمايه‌گذاري‌ ملي‌ايران‌,226,672386,5966621990,8770,8720,8890,120,1.37,8780,10,0.11,8720,9040
زكشت,كشاورزي مكانيزه اصفهان كشت,226,890878,15860328640,17110,17120,17960,850,4.97,17800,690,4.03,17120,17960
وفتخار,سرمايه گذاري افتخار سهام,224,5373582,14070381195,2546,2622,2622,76,2.99,2618,72,2.83,2480,2622
ساوه,سيمان ساوه,224,25370,1282468000,50050,50100,50350,300,0.6,50100,50,0.1,50100,52100
كگاز,شيشه‌ و گاز,223,792379,10531607760,12740,13370,13240,500,3.92,13110,370,2.9,13000,13370
سحرخيز,صندوق س. گروه زعفران سحرخيز,223,524836,8079803795,15391,15180,15389,-2,-0.01,15395,4,0.03,15180,15553
ضجار2014,اختيارخ وتجارت-2500-1401/02/21,222,9051,180921000,32,31,20,-12,-37.5,20,-12,-37.5,15,31
وپخش,داروپخش‌ (هلدينگ‌,221,403498,11309187540,28020,28400,28050,30,0.11,28020,0,0,26800,29420
كطبسح,ح . ذغال‌سنگ‌ نگين‌ ط‌بس‌,221,1976262,22108592010,11180,11000,11230,50,0.45,11190,10,0.09,11000,11410
قاسم,قاسم ايران,221,1704495,5822540066,3416,3468,3410,-6,-0.18,3416,0,0,3380,3468
ساروم,سيمان‌اروميه‌,220,882749,32430429030,36230,37480,37000,770,2.13,36740,510,1.41,35600,37480
وپترو,سرمايه‌گذاري صنايع پتروشيمي‌,220,1215008,10703032390,8760,8760,8790,30,0.34,8790,30,0.34,8710,8950
كتوكاح,ح.توليدي وخدمات صنايع نسوزتوكا,220,2215382,8863554308,4161,4250,4007,-154,-3.7,4001,-160,-3.85,3953,4250
وپسا,س. پتروشيمي ساختمان  خليج فارس,219,2597120,4492684552,1761,1767,1740,-21,-1.19,1747,-14,-0.8,1709,1767
كحافظ,كاشي‌ وسراميك‌ حافظ‌,219,1738492,6222193189,3584,3650,3620,36,1,3582,-2,-0.06,3500,3700
سكارون,سيمان كارون,217,277209,13393746200,46950,48350,48350,1400,2.98,48300,1350,2.88,47200,48350
وسين,بيمه سينا,213,2565775,5684401868,2282,2231,2214,-68,-2.98,2243,-39,-1.71,2214,2262
غگرجي,بيسكويت‌  گرجي‌,211,3780185,5797385757,1516,1545,1539,23,1.52,1523,7,0.46,1512,1552
وسپه,سرمايه‌گذاري‌ سپه‌,211,1348132,9682855370,7130,7210,7200,70,0.98,7140,10,0.14,7130,7240
تداوم,صندوق تداوم اطمينان تمدن-ثابت,209,7087867,71695216491,10076,10116,10115,39,0.39,10115,39,0.39,10115,10118
قصفها,قنداصفهان‌,208,114780,8031970690,68480,67750,70000,1520,2.22,69260,780,1.14,67750,70860
پاسا,ايران‌ياساتايرورابر,207,910636,9435898540,10410,10560,10420,10,0.1,10380,-30,-0.29,10270,10640
ثقزوي,شركت عمران و سازندگي قزوين,206,1020379,9479320910,8850,9290,9290,440,4.97,9290,440,4.97,9290,9290
قلرست,قند لرستان‌,206,422558,7146019590,16770,16850,16750,-20,-0.12,16840,70,0.42,16590,17250
تايرا,تراكتورسازي‌ايران‌,205,679414,9759226950,14450,14820,14410,-40,-0.28,14400,-50,-0.35,14200,14820
خچرخش,چرخشگر,204,1552269,8981014670,5760,5770,5800,40,0.69,5780,20,0.35,5670,5920
كساوه,صنايع‌ كاشي‌ و سراميك‌ سينا,204,265985,10409722150,39400,38400,39230,-170,-0.43,39220,-180,-0.46,38400,40320
اخزا002,اسنادخزانه-م2بودجه00-031024,204,261511,145297209020,556770,556810,556900,130,0.02,555610,-1160,-0.21,552610,557950
تيپيكو,سرمايه گذاري دارويي تامين,203,534703,9236350670,17130,17790,17220,90,0.53,17150,20,0.12,17190,17790
جوين,كشت و صنعت جوين,202,5514127,23366412958,4118,4220,4241,123,2.99,4238,120,2.91,4160,4241
ثجوان,تامين مسكن جوانان,201,3737052,12895333834,3351,3451,3451,100,2.98,3451,100,2.98,3414,3451
فردا,صندوق س آواي فرداي زاگرس-ثابت,200,4274860,54214524297,12659,12683,12682,23,0.18,12682,23,0.18,12682,12683
وهور,مديريت انرژي اميد  تابان هور,200,6495902,9313288775,1425,1470,1425,0,0,1427,2,0.14,1400,1470
سصوفي,سيمان‌ صوفيان‌,200,367625,5926925510,16070,16800,16090,20,0.12,16090,20,0.12,15790,16800
سفار,سيمان‌فارس‌,199,335142,17433592150,49550,52020,52020,2470,4.98,52020,2470,4.98,51950,52020
وسبحان,سرمايه گذاري سبحان,199,3387042,8966346933,2614,2591,2670,56,2.14,2634,20,0.77,2591,2700
وتعاون,بيمه تعاون,198,4383573,5375593863,1222,1257,1210,-12,-0.98,1224,2,0.16,1204,1260
وآذر,سرمايه‌گذاري‌توسعه‌آذربايجان‌,198,947072,60356898560,60700,63730,63730,3030,4.99,63730,3030,4.99,63730,63730
ثپرديس,سرمايه گذاري مسكن پرديس,197,1823093,5683424651,3088,3050,3100,12,0.39,3099,11,0.36,3050,3177
كفرا,فراورده‌ هاي‌ نسوزايران‌,196,1823097,12759997930,6670,7000,6960,290,4.35,6940,270,4.05,6850,7000
عيار,صندوق طلاي عيار مفيد,196,221432,6787905504,30527,30470,30870,343,1.12,30655,128,0.42,30430,30999
اميد,تامين سرمايه اميد,196,3215314,19518648170,6070,6070,6070,0,0,6070,0,0,6070,6080
ضخود2016,اختيارخ خودرو-1600-1401/02/07,195,9231,7732266000,824,900,799,-25,-3.03,838,14,1.7,795,900
فسازان,غلتك سازان سپاهان,195,702025,3070743824,4361,4577,4300,-61,-1.4,4364,3,0.07,4250,4577
سخزر,سيمان‌ خزر,194,625622,12011745150,19320,20220,18800,-520,-2.69,19220,-100,-0.52,18610,20220
حپارسا,توسعه حمل و نقل ريلي پارسيان,193,285409,9239407450,32900,32250,33050,150,0.46,32550,-350,-1.06,31900,33400
وارس,سرمايه گذاري ارس صبا,193,973921,12132058990,12600,12510,12590,-10,-0.08,12460,-140,-1.11,12230,12960
سدور,سيمان‌ دورود,192,1534809,8572139910,5500,5650,5590,90,1.64,5550,50,0.91,5510,5720
فكمند,گسترش قطعه سازي كمند,191,287737,5775872050,20650,20250,20050,-600,-2.91,20200,-450,-2.18,20050,20350
ددام,داروسازي زاگرس فارمد پارس,191,526897,4784860950,8830,9240,8950,120,1.36,8910,80,0.91,8940,9240
دروز,داروسازي‌ روزدارو,186,252664,5756573790,22330,22980,22750,420,1.88,22500,170,0.76,22440,22990
كوثر,بيمه كوثر,186,3340744,11803642263,3528,3609,3528,0,0,3531,3,0.09,3528,3609
اعتلا,شركت سرمايه گذاري اعتلاء البرز,186,1878140,7681072957,3912,4019,4107,195,4.98,3999,87,2.22,4019,4107
كاريس,صندوق س.سپند كاريزما-س,185,743525,9799288648,12979,13100,13210,231,1.78,13180,201,1.55,12877,13480
سپر,صندوق س سپر سرمايه بيدار- ثابت,184,2335511,32891455384,14065,14052,14084,19,0.14,14083,18,0.13,14052,14088
كلوند,كاشي‌ الوند,183,450168,9986118360,22320,22750,22280,-40,-0.18,22230,-90,-0.4,21830,22870
شزنگ,تجهيزنيروي‌زنگان‌,183,126067,9367707200,72300,72450,74450,2150,2.97,74150,1850,2.56,72450,74450
انار,صندوق س.انارنماد ارزش-درسهام,183,883815,8825139120,9840,9840,9910,70,0.71,9990,150,1.52,9840,10100
شگل,گلتاش‌,183,2587090,10037248278,3881,3900,3869,-12,-0.31,3880,-1,-0.03,3815,3950
دكوثر,داروسازي‌ كوثر,181,3609607,8457803793,2315,2281,2330,15,0.65,2331,16,0.69,2272,2400
ولبهمن,شركت بهمن ليزينگ,179,3072656,9871335565,3238,3220,3199,-39,-1.2,3221,-17,-0.53,3188,3308
وجامي,سرمايه گذاري جامي,177,1939375,5654022646,2833,2889,2917,84,2.97,2901,68,2.4,2889,2917
غفارس,شير پاستوريزه پگاه فارس,176,1145581,4805710646,4154,4292,4204,50,1.2,4167,13,0.31,4180,4292
كقزوي,شيشه‌ قزوين‌,173,587083,5107524990,8520,8700,8730,210,2.46,8610,90,1.06,8610,8770
غمينو,شركت صنايع غذايي مينو شرق,172,1060285,4556192227,4309,4458,4270,-39,-0.91,4305,-4,-0.09,4242,4458
نيرو,نيرو سرمايه,172,465790,6944255870,14760,14330,14810,50,0.34,14860,100,0.68,14330,15140
وآوا,سرمايه گذاري آوا نوين,171,1807430,4201175867,2289,2300,2352,63,2.75,2299,10,0.44,2284,2363
سيدكو,سرمايه گذاري توسعه صنايع سيمان,170,771192,4436489740,5800,5770,5710,-90,-1.55,5790,-10,-0.17,5710,5820
غچين,كشت‌ و صنعت‌ چين‌ چين,169,756292,7403181020,9950,10140,9750,-200,-2.01,9870,-80,-0.8,9670,10140
اتكاي,بيمه اتكايي ايرانيان,169,1483229,19656939380,13200,13200,13200,0,0,13250,50,0.38,13100,13400
لبوتان,گروه‌صنعتي‌بوتان‌,167,120261,5197620780,43050,44370,42070,-980,-2.28,43110,60,0.14,42000,44500
جهرم,پتروشيمي جهرم,166,5269883,3815222492,703,724,724,21,2.99,711,8,1.14,714,724
وكادو,تكادو,165,1092500,15948755700,14230,14300,14650,420,2.95,14600,370,2.6,13890,14650
كبافق,معادن‌ بافق‌,165,369629,11096838340,28650,29600,30080,1430,4.99,29620,970,3.39,29600,30080
تسه0010,امتيازتسهيلات مسكن دي1400,163,1078,1197077432,1149994,1130000,1120000,-29994,-2.61,1110461,-39533,-3.44,1092495,1160000
حخزر,كشتيراني درياي خزر,163,521447,7130026360,13190,13790,13830,640,4.85,13410,220,1.67,13200,13840
شپاس,نفت پاسارگاد,163,527823,9316293500,17010,17060,17860,850,5,17360,350,2.06,17060,17860
ميهن,بيمه ميهن,161,1802196,3960796261,2144,2218,2175,31,1.45,2158,14,0.65,2166,2227
ثشرق,سرمايه گذاري مسكن شمال شرق,161,1714626,5330663383,3188,3337,3120,-68,-2.13,3159,-29,-0.91,3029,3337
دشيمي,شيمي‌ داروئي‌ داروپخش‌,160,477200,9088222860,19030,19350,19100,70,0.37,19040,10,0.05,18890,19350
تسه0009,امتيازتسهيلات مسكن آذر 1400,160,1006,1138135059,1131933,1188529,1080020,-51913,-4.59,1131347,-586,-0.05,1075337,1188529
معيار ,سرمايه گذاري معيار صنعت پارس,160,487606,23735676450,48500,49750,48900,400,0.82,48700,200,0.41,47600,49950
خفنر,فنرسازي‌خاور,160,1323092,6559488887,4722,4958,4958,236,5,4820,98,2.08,4891,4958
زگلدشت,كشت و دام گلدشت نمونه اصفهان,158,456696,3646437570,7850,8100,7910,60,0.76,7880,30,0.38,7880,8120
زرين,صندوق س. سهام زرين كوروش-س,155,965767,12519989627,12573,12888,13000,427,3.4,12964,391,3.11,12720,13099
سيستم,همكاران سيستم,155,1135542,6071982630,5360,5590,5410,50,0.93,5360,0,0,5210,5590
نتوس,پشم‌ بافي‌ توس,155,577845,4012085400,7130,7000,6920,-210,-2.95,7050,-80,-1.12,6920,7060
تكمبا,كمباين‌ سازي‌ ايران‌,154,1127762,3811878924,3285,3444,3340,55,1.67,3308,23,0.7,3335,3444
وليز,ليزينگ‌ايران‌,154,2167175,2977099770,1353,1360,1380,27,2,1357,4,0.3,1355,1409
ثاصفا,شركت‌ ساختمان‌ اصفهان‌,153,1195738,15874106470,13010,12680,13360,350,2.69,13280,270,2.08,12680,13390
نهال,صندوق س. طلاي سرخ نوويرا,151,768972,12223980539,15707,15977,16000,293,1.87,15897,190,1.21,15584,16000
ولشرق,ليزينگ ايران و شرق,151,2475119,4490696001,1837,1785,1835,-2,-0.11,1830,-7,-0.38,1785,1860
لخزر,پارس‌ خزر,150,52200,5229301540,102720,107830,101040,-1680,-1.64,101810,-910,-0.89,98760,107830
كصدف,كاشي صدف سرام استقلال آباده,150,523068,13181313600,24000,25200,25200,1200,5,25200,1200,5,25200,25200
چافست,افست‌,150,906644,3598497199,4002,3989,3952,-50,-1.25,3994,-8,-0.2,3900,4125
زيتون,صندوق س زيتون نماد پايا- مختلط,150,1833296,19707919460,10570,10680,10750,180,1.7,10750,180,1.7,10680,10790
ورنا,سرمايه‌گذاري‌ رنا(هلدينگ‌,149,4663361,15524328769,3171,3329,3329,158,4.98,3327,156,4.92,3329,3329
حشكوه,دليجان طلايي شكوه پارس,147,1264792,3045616908,2433,2500,2383,-50,-2.06,2425,-8,-0.33,2377,2504
تشتاد,صنايع توليدي اشتاد ايران‌,146,1568592,7465057395,4641,4770,4706,65,1.4,4727,86,1.85,4678,4780
وبهمن,سرمايه‌گذاري‌بهمن‌,145,251784,4578831270,17610,18490,18220,610,3.46,17740,130,0.74,18060,18490
غگلستا,شير پاستوريزه پگاه گلستان,145,444809,3618548790,8160,8050,8060,-100,-1.23,8150,-10,-0.12,8020,8350
قهكمت,قندهكمتان‌,145,2025583,11647037020,5480,5750,5750,270,4.93,5680,200,3.65,5740,5750
ضستا2002,اختيارخ شستا-1000-1401/02/12,145,7678,369051000,50,50,45,-5,-10,48,-2,-4,45,51
ومعلم,بيمه معلم,144,1382372,2243420666,1586,1663,1627,41,2.59,1591,5,0.32,1612,1663
دالبرح,ح . البرزدارو,142,350396,1651731432,4753,4701,4760,7,0.15,4714,-39,-0.82,4560,4790
ويسا,سرمايه گذاري ايساتيس پويا,141,533728,3710589330,7140,6960,7040,-100,-1.4,7070,-70,-0.98,6930,7140
فافزا,فولاد افزا سپاهان,141,389985,11791168500,29400,30250,30250,850,2.89,30250,850,2.89,30000,30250
وبشهر,توسعه‌ صنايع‌ بهشهر(هلدينگ,141,850722,5151359820,6000,6150,6010,10,0.17,6010,10,0.17,5990,6180
ثعمرا,عمران و توسعه شاهد,139,529014,2792081340,5270,5410,5270,0,0,5270,0,0,5230,5410
سدشت,صنايع سيمان دشتستان,138,183546,4133767560,22070,23090,22660,590,2.67,22190,120,0.54,22090,23090
چكاپا,گروه صنايع كاغذ پارس,135,4373272,13111069456,2856,2998,2998,142,4.97,2974,118,4.13,2998,2998
بنيرو,نيروترانس‌,133,1370477,2605690411,1855,1929,1889,34,1.83,1863,8,0.43,1860,1930
دفارا,داروسازي‌ فارابي‌,132,235619,2649074780,11210,11490,11260,50,0.45,11220,10,0.09,11040,11490
گوهر,صندوق سكه طلاي كيان,131,45362,2723345270,59418,59950,60001,583,0.98,60036,618,1.04,59601,60141
بمپنا,توليد برق عسلويه  مپنا,128,660272,3716145970,5480,5670,5570,90,1.64,5510,30,0.55,5500,5750
وسنا,سرمايه گذاري نيروگاهي ايران,127,451092,3010367110,6600,6760,6700,100,1.52,6620,20,0.3,6520,6760
بزاگرس,نيروگاه زاگرس كوثر,126,4472131,15370714247,3274,3437,3437,163,4.98,3433,159,4.86,3437,3437
تسه0006,امتيازتسهيلات مسكن شهريور1400,125,2561,2833648594,1132162,1075554,1075554,-56608,-5,1106462,-25700,-2.27,1075554,1188770
داوه,داروسازي آوه سينا,125,2872725,17236350000,5460,6000,6000,540,9.89,6000,540,9.89,6000,6000
فلامي,لاميران‌,123,281833,4063497580,14210,14430,14400,190,1.34,14270,60,0.42,14210,14650
بفجر,فجر انرژي خليج فارس,123,863326,9952415050,11210,11400,11430,220,1.96,11250,40,0.36,11370,11730
شفا,سرمايه گذاري شفادارو,123,477349,4801036870,10020,9830,10080,60,0.6,10030,10,0.1,9830,10330
حرهشا,رهشاد سپاهان (سهامي عام,122,77342,5077343750,67300,65500,65300,-2000,-2.97,65650,-1650,-2.45,65300,69250
پخش,پخش البرز,122,112884,2839557100,24900,24700,25100,200,0.8,24950,50,0.2,24700,25550
ورازي,بيمه رازي,122,5032375,7553835875,1547,1501,1501,-46,-2.97,1517,-30,-1.94,1501,1502
ثتوسا,س.توسعه و عمران استان اردبيل,121,590959,8958318700,14780,14410,15220,440,2.98,15160,380,2.57,14410,15220
ثامان,سامان‌ گستراصفهان‌,121,251177,3399691620,13450,13980,13470,20,0.15,13470,20,0.15,13210,14000
اهرم,صندوق س سهامي كاريزما- اهرمي,121,1772010,18442262620,10250,10370,10490,240,2.34,10410,160,1.56,10300,10590
تسه0008,امتيازتسهيلات مسكن آبان1400,121,896,984761788,1121526,1065450,1071001,-50525,-4.51,1099064,-22462,-2,1065450,1150000
فيروزا,صندوق ارمغان فيروزه آسيا-ثابت,121,2345134,63848131545,27189,27226,27225,36,0.13,27226,37,0.14,27225,27226
سنيرح,ح . سيمان‌ سفيدني‌ريز,120,3500253,81036158850,24100,24000,23100,-1000,-4.15,23150,-950,-3.94,23100,24000
ثغرب,شركت سرمايه گذاري مسكن شمالغرب,120,759350,2200580557,2916,2993,2927,11,0.38,2913,-3,-0.1,2820,2993
وكار,بانك‌ كارآفرين‌,119,3067553,9657062938,3075,3160,3140,65,2.11,3089,14,0.46,3110,3170
ولراز,ليزينگ رازي,119,171213,2878523130,16430,16190,16580,150,0.91,16640,210,1.28,16190,16920
دابور,داروسازي‌ ابوريحان‌,118,268602,5812559310,21680,22000,21480,-200,-0.92,21660,-20,-0.09,21470,22000
سمتاز,سيمان ممتازان كرمان,118,293008,4178240070,13850,14260,14260,410,2.96,14020,170,1.23,14250,14260
كگهر,سنگ آهن گهرزمين,117,411020,19444149450,47100,47350,47400,300,0.64,47150,50,0.11,47150,48000
دعبيد,لابراتوارداروسازي‌  دكترعبيدي‌,117,145969,3021542940,20680,20600,20900,220,1.06,20680,0,0,20450,21000
ضخود3058,اختيارخ خودرو-2500-1401/03/04,112,4417,971981000,230,231,200,-30,-13.04,220,-10,-4.35,172,290
شكبير,پتروشيمي اميركبير,112,103827,8983355950,84300,86600,86800,2500,2.97,84500,200,0.24,85600,86800
بخاور,بيمه زندگي خاورميانه,111,816678,2013127380,2435,2549,2484,49,2.01,2439,4,0.16,2436,2549
غگلپا,شير پاستوريزه پگاه گلپايگان,111,93055,4117912350,44250,43300,44000,-250,-0.56,44250,0,0,43300,45300
سغدير,توسعه سرمايه و صنعت غدير,109,8578183,99520301890,11600,11650,11720,120,1.03,11600,0,0,11400,11830
درازك,دارويي‌ رازك‌,108,274779,4039751050,14360,14600,14690,330,2.3,14450,90,0.63,14250,14990
كي بي سي,شركت كي بي سي,106,205372,1825597590,8880,8630,8900,20,0.23,8880,0,0,8630,9060
نمرينو,ايران‌ مرينوس‌,105,36770,2853319390,79550,82390,77000,-2550,-3.21,79170,-380,-0.48,77000,82390
ضخود2017,اختيارخ خودرو-1800-1401/02/07,105,4525,2891081000,647,650,630,-17,-2.63,639,-8,-1.24,621,654
فيروزه,صندوق شاخص30 شركت فيروزه- سهام,104,31072,5349539070,169100,169220,173000,3900,2.31,172170,3070,1.82,169220,173000
اوصتا,صندوق انديشه ورزان صباتامين -د,104,2959261,65102409439,21910,21999,21999,89,0.41,22000,90,0.41,21999,22000
دالبر,البرزدارو,103,252778,1870705040,7390,7330,7380,-10,-0.14,7390,0,0,7250,7590
سيلام,سيمان‌ ايلام‌,102,583198,2969807940,5030,5040,5050,20,0.4,5040,10,0.2,5040,5210
شصفها,پتروشيمي‌ اصفهان‌,102,32802,3257039500,99300,101250,98800,-500,-0.5,99300,0,0,97600,101250
تكنار,مجتمع معادن مس تكنار,102,47453,2297269500,48150,48200,48300,150,0.31,48200,50,0.1,48050,49000
هجرت,پخش هجرت,101,146445,4023594250,26950,26350,27500,550,2.04,27100,150,0.56,26350,28050
اخزا005,اسنادخزانه-م5بودجه00-030626,99,220664,131222170220,594820,593510,595500,680,0.11,594670,-150,-0.03,593510,596000
غشاذر,پگاه‌آذربايجان‌غربي‌,99,612457,2618675368,4368,4311,4245,-123,-2.82,4352,-16,-0.37,4202,4350
سقاين,سيمان‌ قائن‌,99,63220,3208875170,49640,50440,51170,1530,3.08,49870,230,0.46,50010,52090
فافق,صنايع مس افق كرمان,98,819707,2761997906,3287,3385,3331,44,1.34,3309,22,0.67,3316,3385
دارو,كارخانجات‌داروپخش‌,97,128341,3324301320,26110,26850,26100,-10,-0.04,26070,-40,-0.15,25400,26950
دحاوي,الحاوي,95,516591,2529700350,5020,4870,4870,-150,-2.99,4990,-30,-0.6,4870,5080
تماوند,تامين سرمايه دماوند,95,287174,1474472260,5130,5030,5160,30,0.58,5130,0,0,5030,5190
بميلا,توسعه سرمايه گذاري ميلاد پارس,95,1254083,10066632590,8000,7830,7930,-70,-0.88,8030,30,0.38,7830,8200
بسويچ,پارس‌سويچ‌,94,350218,3693252540,10240,10660,10460,220,2.15,10310,70,0.68,10420,10660
ضشنا2014,اختيارخ شپنا-3671-1401/02/25,93,823,1880529000,2015,2274,2340,325,16.13,2285,270,13.4,2110,2380
دپارس,پارس‌ دارو,93,146362,3500863880,24120,23140,23520,-600,-2.49,24070,-50,-0.21,23140,24420
پسهند,صنايع‌ لاستيكي‌  سهند,93,352187,11390411030,32780,33780,32110,-670,-2.04,32440,-340,-1.04,31150,33780
بايكا,كارخانجات كابلسازي ‌ايران‌,92,471504,6454889760,13040,13690,13690,650,4.98,13440,400,3.07,13690,13690
وملت,سرمايه گذاري ملت,91,740784,1422638628,1926,1892,1903,-23,-1.19,1924,-2,-0.1,1891,1939
شساخت,مهندسي و ساختمان صنايع نفت,90,58220,2646514600,44450,44500,44400,-50,-0.11,44500,50,0.11,43300,45750
ثرود,سرمايه‌گذاري مسكن زاينده رود,90,319131,1738322810,5410,5630,5350,-60,-1.11,5410,0,0,5350,5630
ومشان,س. فني و مهندسي مشانير,89,96237,4506957150,45500,46800,46850,1350,2.97,46800,1300,2.86,45900,46850
سشمال,سيمان‌ شمال‌,89,266451,1913921990,6960,7080,7100,140,2.01,6990,30,0.43,7040,7290
واميد,گروه مديريت سرمايه گذاري اميد,89,758157,10772391340,13980,14300,14230,250,1.79,14000,20,0.14,13990,14340
شمواد,توليد مواداوليه الياف مصنوعي,88,81797,6205275100,77350,75850,75850,-1500,-1.94,75850,-1500,-1.94,75850,76100
مداران,داده‌پردازي‌ايران‌,88,259529,3617157800,13810,14400,14000,190,1.38,13840,30,0.22,13860,14400
خوساز,محورسازان‌ايران‌خودرو,87,2375514,15227044740,6110,6410,6410,300,4.91,6400,290,4.75,6410,6410
شاملا,معدني‌ املاح‌  ايران‌,87,203533,2584429300,12420,12740,12500,80,0.64,12470,50,0.4,12500,12950
فردا2,صندوق س آواي فرداي زاگرس-ثابت,86,8600000,8600000,12659,1,1,-12658,-99.99,1,-12658,-99.99,1,1
پاكشو,گروه صنعتي پاكشو,86,321924,1952505860,6150,6080,6110,-40,-0.65,6150,0,0,6030,6130
آرام2,صندوق س شاخصي آرام مفيد,85,8500000,8500000,10170,1,1,-10169,-99.99,1,-10169,-99.99,1,1
پلاست,كارخانجات توليدي پلاستيران,83,1000409,10894454010,10380,10890,10890,510,4.91,10890,510,4.91,10890,10890
سخوز,سيمان خوزستان,82,211714,4945556530,23420,22550,23500,80,0.34,23400,-20,-0.09,22530,23890
مثقال,صندوق س.پشتوانه طلاي زرين آگاه,82,153298,1476739503,9527,9529,9698,171,1.79,9633,106,1.11,9529,9834
تسه0007,امتيازتسهيلات مسكن مهر1400,81,682,768381695,1118010,1062110,1110000,-8010,-0.72,1126659,8649,0.77,1062110,1173910
داسوه,داروسازي‌ اسوه‌,81,146251,3993978650,26070,26800,27370,1300,4.99,26380,310,1.19,26580,27370
واحيا,م .صنايع و معادن احياء سپاهان,80,1957414,34900691620,17320,17830,17830,510,2.94,17630,310,1.79,17830,17830
اخزا006,اسنادخزانه-م6بودجه00-030723,79,173254,101383070010,586460,586700,586400,-60,-0.01,585170,-1290,-0.22,584210,590000
دشيري,شيرين دارو,79,43407,3882830000,92050,89550,89300,-2750,-2.99,91000,-1050,-1.14,89300,94150
وتوشه,سرمايه‌ گذاري‌ پارس‌ توشه‌,79,1039409,5116524198,4926,5070,4900,-26,-0.53,4925,-1,-0.02,4900,5070
تسه9901,امتياز تسهيلات مسكن فروردين99,78,871,885634051,1030372,978854,1025001,-5371,-0.52,1016801,-13571,-1.32,978854,1081890
اخزا001,اسنادخزانه-م1بودجه00-030821,77,94568,54561700080,578010,584900,578500,490,0.08,576960,-1050,-0.18,573950,584900
تكشا,گسترش‌صنايع‌وخدمات‌كشاورزي‌,76,662233,21396748230,30780,32310,32310,1530,4.97,32310,1530,4.97,32310,32310
دسبحان,سبحان دارو,76,235489,1770158130,7430,7310,7500,70,0.94,7440,10,0.13,7310,7650
تابا,تابان نيرو سپاهان,76,193090,3357510290,16910,17380,17410,500,2.96,17210,300,1.77,17100,17410
مارون,پتروشيمي مارون,76,20039,3547970950,171200,178350,178000,6800,3.97,171400,200,0.12,174550,178350
وايرا,سرمايه گذاري صنايع ايران,76,910702,3827763816,4242,4291,4123,-119,-2.81,4227,-15,-0.35,4115,4291
سهگمت,سيمان‌هگمتان‌,76,85919,1900676740,22160,22420,22400,240,1.08,22160,0,0,21420,22440
ثنور,سرمايه گذاري كوه نور,75,1433306,10463133800,7090,7300,7300,210,2.96,7300,210,2.96,7300,7300
فاما,صنعتي‌ آما,75,157619,1299341940,8260,8560,8270,10,0.12,8260,0,0,8160,8560
تسه0005,امتيازتسهيلات مسكن مرداد 1400,74,1194,1319738814,1110518,1070000,1110000,-518,-0.05,1105309,-5209,-0.47,1070000,1150000
كي بي سيح,ح. شركت كي بي سي,74,180811,1011283840,5720,5900,5510,-210,-3.67,5590,-130,-2.27,5500,5900
خپويش,سازه‌ پويش‌,72,49836,3205890430,64880,66000,63900,-980,-1.51,64760,-120,-0.18,63860,66000
لوتوس,تامين سرمايه لوتوس پارسيان,71,633127,3557931760,5640,5730,5690,50,0.89,5640,0,0,5600,5730
اخزا003,اسنادخزانه-م3بودجه00-030418,71,256560,158922233710,620170,620000,621000,830,0.13,619430,-740,-0.12,615000,621000
وحافظ,بيمه حافظ,69,380910,2613042600,7070,6860,6860,-210,-2.97,7010,-60,-0.85,6860,6860
وحكمت,بيمه حكمت صبا,68,727576,918440101,1249,1276,1260,11,0.88,1250,1,0.08,1251,1285
ولملت,واسپاري ملت,68,1112980,2643652086,2348,2465,2400,52,2.21,2353,5,0.21,2252,2465
ضشنا2015,اختيارخ شپنا-4405-1401/02/25,66,634,896241000,1170,1394,1440,270,23.08,1414,244,20.85,1330,1480
ما,بيمه  ما,66,305605,1403866916,4503,4508,4600,97,2.15,4511,8,0.18,4508,4664
آساس,صندوق س.آسمان آرماني سهام-س,66,17264,3000734287,172177,174500,173420,1243,0.72,173815,1638,0.95,172500,175440
سبجنو,سيمان‌ بجنورد,65,85379,3287748010,37780,39200,38790,1010,2.67,37940,160,0.42,37700,39200
گپارس,امور رفاهي كارگزاران پارس,65,20015,1332272450,66200,65900,65400,-800,-1.21,66300,100,0.15,65000,67950
غپونه,نوش پونه مشهد,63,220228,2378407850,10490,10800,10800,310,2.96,10560,70,0.67,10750,10800
كشرق,صنعتي و معدني شمال شرق شاهرود,62,53617,3752337000,70150,69150,70550,400,0.57,70100,-50,-0.07,69150,71700
تسه9908,امتياز تسهيلات مسكن آبان99,61,1014,1102212796,1097509,1042635,1050000,-47509,-4.33,1086995,-10514,-0.96,1042635,1150000
واعتبار,سرمايه گذاري اعتبار ايران,61,1246083,3275170580,2507,2632,2632,125,4.99,2532,25,1,2590,2632
ثزاگرس,سرمايه گذاري توسعه عمران زاگرس,61,76730,2338784900,30150,30350,30850,700,2.32,30250,100,0.33,29250,31050
سهرمز,سيمان‌هرمزگان‌,61,159305,2498231650,14960,15690,15510,550,3.68,15070,110,0.74,14960,15700
شسم,توليد سموم‌ علف‌ كش,60,6457,1164842800,185950,180400,180400,-5550,-2.98,180400,-5550,-2.98,180400,180400
قيستو,شركت قند بيستون,60,287459,4822507630,16410,16480,16900,490,2.99,16580,170,1.04,16440,16900
شكلر,نيروكلر,60,308948,9651535520,29760,31240,31240,1480,4.97,30670,910,3.06,31240,31240
كيان2,صندوق س. با درآمد ثابت كيان,60,6000000,6000000,33806,1,1,-33805,-100,1,-33805,-100,1,1
ارمغان,ص سرمايه گذاري ارمغان ايرانيان,59,633241,6399289289,10102,10103,10115,13,0.13,10106,4,0.04,10101,10119
واحصا,احياء صنايع خراسان,59,280472,17150862800,59400,61150,61150,1750,2.95,61150,1750,2.95,61150,61150
سيناد,صندوق س.سپهرسودمند سينا-د,59,2252303,22547720391,10064,10012,10010,-54,-0.54,10011,-53,-0.53,10010,10012
زر,صندوق س.پشتوانه سكه طلاي زر,58,34448,1820310086,52501,52800,53000,499,0.95,52842,341,0.65,52550,53099
هامرز,صندوق س اعتماد هامرز-ثابت,58,2488315,25164548596,10099,10113,10114,15,0.15,10113,14,0.14,10113,10114
وهنر,گروه توسعه هنر ايران,57,1584359,3715321855,2277,2345,2345,68,2.99,2302,25,1.1,2345,2345
آبين,كشت و صنعت آبشيرين,57,3377472,7224412608,2077,2139,2139,62,2.99,2120,43,2.07,2139,2139
شستان,پتروشيمي گلستان,57,271590,1137581422,4247,4319,4163,-84,-1.98,4234,-13,-0.31,4163,4331
ضخود2021,اختيارخ خودرو-3500-1401/02/07,56,3169,26169000,10,11,7,-3,-30,8,-2,-20,6,11
كمينا,شيشه سازي مينا,56,205658,1491478890,7250,7420,7300,50,0.69,7250,0,0,7180,7430
سرود,سيمان‌شاهرود,55,71355,1544034300,21520,21320,21600,80,0.37,21530,10,0.05,21300,21940
فن آوا,گروه فن آوا,52,237392,1865856240,8030,7790,7920,-110,-1.37,8000,-30,-0.37,7790,8200
كاسپين,داروسازي كاسپين تامين,52,181893,3836502450,20650,20650,20900,250,1.21,20750,100,0.48,20600,21500
فگسترح,ح . گسترش صنايع روي ايرانيان,51,202112,954372864,4970,4722,4722,-248,-4.99,4722,-248,-4.99,4722,4722
خمحور,توليدمحورخودرو,51,3222188,7365921768,2178,2286,2286,108,4.96,2229,51,2.34,2286,2286
سباقر,سيمان باقران,51,195635,2349192620,12100,11860,12130,30,0.25,12080,-20,-0.17,11860,12240
ضسپا3015,اختيارخ خساپا-2000-1401/03/25,51,1763,401503000,298,350,233,-65,-21.81,228,-70,-23.49,200,350
وثخوز,سرمايه گذاري و توسعه خوزستان,51,32189,877317850,27450,27900,27050,-400,-1.46,27450,0,0,26750,27900
كفرآور,فرآورده هاي سيمان شرق,50,344995,5316372950,16220,15410,15410,-810,-4.99,15770,-450,-2.77,15410,15410
ضجار2012,اختيارخ وتجارت-1800-1401/02/21,50,1628,416676000,333,240,248,-85,-25.53,256,-77,-23.12,240,271
رتكو,كنترل‌خوردگي‌تكين‌كو,50,121121,867986470,7130,7340,7220,90,1.26,7130,0,0,7060,7340
كخاك,صنايع‌خاك‌چيني‌ايران‌,50,205181,2654491540,12860,13480,13110,250,1.94,12870,10,0.08,12350,13500
تسه9912,امتياز تسهيلات مسكن اسفند99,50,1247,1342458398,1093620,1081538,1148301,54681,5,1076550,-17070,-1.56,1050000,1148301
سكه0312پ01,تمام سكه طرح جديد0312 رفاه,49,11400,13918090700,1204693,1242000,1225033,20340,1.69,1220885,16192,1.34,1211000,1242000
ضخود3057,اختيارخ خودرو-2000-1401/03/04,49,1347,712899000,598,620,520,-78,-13.04,529,-69,-11.54,436,620
اخزا007,اسنادخزانه-م7بودجه00-030912,49,271122,154092403300,570380,570000,570500,120,0.02,568350,-2030,-0.36,565240,570500
تمحركه,ماشين سازي نيرو محركه,49,111007,1294341620,11890,11660,11660,-230,-1.93,11830,-60,-0.5,11660,11660
تسه0004,امتيازتسهيلات مسكن تير1400,48,575,635334881,1107879,1052486,1085000,-22879,-2.07,1104930,-2949,-0.27,1052486,1150000
تسه9903,امتياز تسهيلات مسكن خرداد99,48,816,951463756,1138813,1195753,1150110,11297,0.99,1166009,27196,2.39,1100500,1195753
اخزا008,اسنادخزانه-م8بودجه00-030919,47,80401,45600970790,567680,567000,568390,710,0.13,567170,-510,-0.09,566000,568390
لخانه,لوازم‌ خانگي‌ پارس‌,46,126992,1764852780,14050,14000,13730,-320,-2.28,14020,-30,-0.21,13630,14110
آسام,صندوق س.آرمان سپهر آشنا-م,46,24090,2655870080,110053,110005,110750,697,0.63,110248,195,0.18,109505,110750
ضفلا3012,اختيارخ فولاد-10000-1401/03/18,46,433,948557000,1743,2000,2380,637,36.55,2191,448,25.7,2000,2380
دكيمي,كيميدارو,45,157011,2248225670,14280,13930,14400,120,0.84,14290,10,0.07,13930,14590
دفرا,فرآورده‌هاي‌ تزريقي‌ ايران‌,44,178516,2502834830,14100,14090,14140,40,0.28,14090,-10,-0.07,13890,14150
رماس,صندوق س.راهبرد ممتازابن سينا-س,44,132300,1335845799,9933,10200,10062,129,1.3,10097,164,1.65,10000,10200
تسه0002,امتيازتسهيلاتمسكن ارديبهشت1400,43,672,737461696,1104660,1104893,1070000,-34660,-3.14,1097413,-7247,-0.66,1070000,1159893
تسه0003,امتيازتسهيلات مسكن خرداد1400,41,393,432759977,1114016,1058316,1102000,-12016,-1.08,1101170,-12846,-1.15,1058316,1106000
اخزا004,اسنادخزانه-م4بودجه00-030522,41,83243,50507397810,606480,607500,607450,970,0.16,606750,270,0.04,606010,607500
دارا,صندوق س. دارا الگوريتم-د,41,321845,3237839546,10025,10060,10061,36,0.36,10060,35,0.35,10060,10061
تسه9911,امتياز تسهيلات مسكن بهمن99,40,774,838188706,1087231,1040000,1060888,-26343,-2.42,1082931,-4300,-0.4,1040000,1141592
تسه9904,امتياز تسهيلات مسكن تير99,40,607,709659277,1170347,1228864,1150060,-20287,-1.73,1169126,-1221,-0.1,1135011,1228864
وبازار,صندوق س شاخصي بازارآشنا,40,215550,2632252980,11980,12120,12320,340,2.84,12210,230,1.92,12120,12370
فلات,گروه صنايع معادن فلات ايرانيان,39,68815,575832620,8300,8540,8500,200,2.41,8300,0,0,8290,8540
پلوله,گازلوله‌,38,53317,965794470,17990,18010,17890,-100,-0.56,18000,10,0.06,17890,18360
ضسپا3013,اختيارخ خساپا-1600-1401/03/25,38,1028,507384000,550,440,456,-94,-17.09,494,-56,-10.18,440,510
پارسيان,بيمه پارسيان,38,510986,1736428486,3398,3410,3400,2,0.06,3398,0,0,3390,3420
اخزا010,اسناد خزانه-م10بودجه00-031115,38,66787,36708031347,548856,545000,550000,1144,0.21,549628,772,0.14,545000,550000
صايند,صندوق س. گنجينه آينده روشن-د,36,227470,2305794510,10124,10133,10141,17,0.17,10137,13,0.13,10132,10141
زعف0110پ20,زعفران0110نگين وحدت جام(پ),35,21938,7532277022,348506,348000,343000,-5506,-1.58,343344,-5162,-1.48,342000,348000
سنوين,سرمايه گذاري اقتصاد نوين,34,198570,831905568,4198,4321,4171,-27,-0.64,4197,-1,-0.02,4152,4321
خبنيان,بنيان ديزل,34,857745,2299614345,2603,2681,2681,78,3,2620,17,0.65,2681,2681
ثنظام,س. ساختماني نظام مهندسي ايران,34,80125,1217900000,14760,15200,15200,440,2.98,14850,90,0.61,15200,15200
قشهد,شهد,34,113493,1486758300,12480,13100,13100,620,4.97,12540,60,0.48,13100,13100
خموتورح,ح . موتورسازان‌تراكتورسازي‌,33,1103522,2542774940,2100,2310,2150,50,2.38,2304,204,9.71,2150,2310
ضجار2013,اختيارخ وتجارت-2000-1401/02/21,32,552,101589000,260,210,173,-87,-33.46,184,-76,-29.23,169,210
داريوش,صندوق س. ثروت داريوش -س,32,131905,1263737234,9492,9560,9754,262,2.76,9581,89,0.94,9500,9754
آتيمس,صندوق س.آرمان آتيه درخشان مس-س,31,2529,441598550,175299,177000,174990,-309,-0.18,174614,-685,-0.39,173600,177000
اخزا902,اسنادخزانه-م2بودجه99-011019,31,114750,97542679000,848720,849370,849990,1270,0.15,850050,1330,0.16,849230,852000
زعف0110پ11,زعفران0110نگين سحرخيز(پ),31,13860,4774280634,349443,352000,345000,-4443,-1.27,344465,-4978,-1.42,332002,352000
تسه0001,امتيازتسهيلات مسكن فروردين1400,30,236,257666868,1109331,1061000,1062101,-47230,-4.26,1091809,-17522,-1.58,1061000,1164797
وفتخارح,ح . سرمايه گذاري افتخار سهام,30,1123366,1372753252,1187,1222,1222,35,2.95,1222,35,2.95,1222,1222
تسه9910,امتياز تسهيلات مسكن دي99,29,244,267691471,1110500,1054975,1150000,39500,3.56,1097096,-13404,-1.21,1054975,1150000
وآتوس,توسعه س. كشاورزي آرين توسكا,28,37432,586889310,16110,15630,15700,-410,-2.55,16060,-50,-0.31,15630,15900
سپرمي,پرميت‌,28,107318,1984309820,18310,18490,18490,180,0.98,18450,140,0.76,18490,18490
ضشنا2016,اختيارخ شپنا-5139-1401/02/25,27,428,313734000,592,850,750,158,26.69,733,141,23.82,640,850
دسبحا,گروه دارويي سبحان,27,24142,385343820,15970,15750,15860,-110,-0.69,15970,0,0,15750,16480
سكه0112پ03,تمام سكه طرح جديد0112سامان,27,6100,7466045800,1204617,1219800,1226000,21383,1.78,1223942,19325,1.6,1219800,1231499
ضپال2006,اختيارخ اپال-26320-1401/02/12,26,227,45662000,161,141,280,119,73.91,201,40,24.84,141,280
تسه9907,امتياز تسهيلات مسكن مهر99,26,381,413542628,1100430,1074000,1140000,39570,3.6,1085414,-15016,-1.36,1045409,1140000
ضذوب3001,اختيارخ ذوب-2500-1401/03/04,26,344,126327000,318,349,375,57,17.92,367,49,15.41,295,419
ثروتم,صندوق س. ثروت آفرين پارسيان-س,25,11660,1033429140,84395,87555,88500,4105,4.86,88630,4235,5.02,87555,89554
فبيرا,بسته‌ بندي‌ ايران‌,25,307171,420824270,1344,1370,1370,26,1.93,1346,2,0.15,1370,1370
دسينا,داروسازي‌ سينا,24,45837,919680180,19700,19740,20000,300,1.52,19720,20,0.1,19740,20280
تسه9909,امتياز تسهيلات مسكن آذر99,24,131,138876660,1105391,1055385,1060888,-44503,-4.03,1060127,-45264,-4.09,1055385,1135000
شكف,كف,24,22354,725387300,31850,32450,32450,600,1.88,31950,100,0.31,32450,32450
فراز,صندوق س.سهام فراز داريك-س,24,50627,725651925,14319,14541,14322,3,0.02,14333,14,0.1,14322,14541
ضپال2007,اختيارخ اپال-30320-1401/02/12,23,787,27876000,23,20,40,17,73.91,35,12,52.17,20,40
صنم,ص.س.صندوق در صندوق صنم,23,113780,1190831696,10408,10450,10487,79,0.76,10466,58,0.56,10415,10487
اخزا917,اسنادخزانه-م17بودجه99-010226,23,11375,11048207810,971090,969010,971990,900,0.09,971270,180,0.02,969010,973750
ضستا2001,اختيارخ شستا-800-1401/02/12,22,672,117594000,186,171,170,-16,-8.6,175,-11,-5.91,170,190
ضستا2000,اختيارخ شستا-600-1401/02/12,22,661,233026000,370,352,356,-14,-3.78,353,-17,-4.59,350,356
تسه9906,امتياز تسهيلات مسكن شهريور99,22,274,287046239,1092940,1040000,1050000,-42940,-3.93,1047614,-45326,-4.15,1040000,1060103
ثمين,صندوق س. ثروت افزون ثمين-س,21,19589,200398034,10150,10150,10350,200,1.97,10230,80,0.79,10100,10350
دقاضي,داروسازي شهيد قاضي,21,92351,2252385400,24350,23850,24400,50,0.21,24350,0,0,23850,24800
قنقش,قند نقش جهان,20,4633,496657600,111650,107200,107200,-4450,-3.99,111300,-350,-0.31,107200,107200
زعف0110پ05,زعفران0110نگين زرين(پ),18,5099,1777878686,350015,333001,345000,-5015,-1.43,348672,-1343,-0.38,333001,357998
وزمين,بانك ايران زمين,18,265323,2689908360,9950,10130,10140,190,1.91,9980,30,0.3,10110,10140
اخزا903,اسنادخزانه-م3بودجه99-011110,18,5325,4479428450,841810,841010,839300,-2510,-0.3,841210,-600,-0.07,839300,846900
ساروج,بين المللي ساروج بوشهر,18,21171,310157130,14760,14980,14360,-400,-2.71,14760,0,0,14350,14980
گنجين,صندوق س. گنجينه يكم آويد-د,17,157214,2371845418,15079,15093,15093,14,0.09,15087,8,0.05,15086,15093
اراد99,مرابحه عام دولت99-ش.خ050723,17,208000,208000000000,1000000,1000000,1000000,0,0,1000000,0,0,1000000,1000000
ضسپا3011,اختيارخ خساپا-1200-1401/03/25,17,378,273800000,794,704,723,-71,-8.94,724,-70,-8.82,704,770
ويستا,صندوق س. ويستا -س,17,87300,898586800,10440,10235,10350,-90,-0.86,10293,-147,-1.41,10200,10490
ولتجار,واسپاري تجار ايرانيان,17,52787,122085903,2285,2221,2336,51,2.23,2285,0,0,2221,2352
سجام,مجتمع سيمان غرب آسيا,17,65666,137241940,2030,2090,2090,60,2.96,2031,1,0.05,2090,2090
غناب,روغن‌ نباتي‌ ناب,17,1757,325396400,188950,185200,185200,-3750,-1.98,188700,-250,-0.13,185200,185200
تسه9905,امتياز تسهيلات مسكن مرداد99,16,139,158349217,1084956,1139203,1139203,54247,5,1139203,54247,5,1139203,1139203
تكنو,تكنوتار,16,255084,1566215760,5850,6140,6140,290,4.96,5880,30,0.51,6140,6140
وآفري,بيمه كارآفرين,16,490207,1832704105,3840,3750,3725,-115,-2.99,3827,-13,-0.34,3725,3801
ضفلا3013,اختيارخ فولاد-12000-1401/03/18,16,289,252520000,514,850,900,386,75.1,874,360,70.04,850,989
سخند,صندوق س.سپهرخبرگان نفت-د,16,21700,217371260,9997,10011,10038,41,0.41,10017,20,0.2,10011,10100
سكه0211پ02,تمام سكه طرح جديد0211ملت,16,2700,3296453300,1203490,1211000,1225000,21510,1.79,1220909,17419,1.45,1211000,1225000
الماس,صندوق س.امين تدبيرگران فردا-س,16,7274,712742030,97979,97800,98000,21,0.02,97985,6,0.01,97010,98120
صنوين,صندوق سرمايه‌گذاري صنوين-مختلط,15,3417,394043550,113510,119980,115290,1780,1.57,115320,1810,1.59,113760,119980
گكيش,توريستي ورفاهي آبادگران كيش,15,175455,4395147750,24350,25050,25050,700,2.87,24650,300,1.23,25050,25050
پادا,صندوق س.پاداش سرمايه پارس-س,15,11435,1142374860,100422,100600,99800,-622,-0.62,99902,-520,-0.52,99800,101200
برن0104پ01,برنج طارم0104تجارت مازندران(پ),15,876,546619602,632828,630000,632769,-59,-0.01,623995,-8833,-1.4,610050,632769
سايرا,ايرانيت‌,15,3230,89288400,28150,28000,27600,-550,-1.95,28150,0,0,27600,28000
تاراز,صندوق س آواي تاراز زاگرس-سهام,14,24266,251504350,10270,10090,10150,-120,-1.17,10360,90,0.88,10090,10500
اخزا817,اسنادخزانه-م17بودجه98-010512,14,2550,2366290560,929140,939900,928000,-1140,-0.12,927960,-1180,-0.13,927000,939900
اخزا909,اسنادخزانه-م9بودجه99-020316,14,102845,80032092110,780310,778100,780600,290,0.04,778180,-2130,-0.27,778100,786000
يارا,صندوق س. آريا-د,13,117862,1223440310,10339,10382,10382,43,0.42,10380,41,0.4,10378,10383
اخزا814,اسنادخزانه-م14بودجه98-010318,12,2516,2410795480,954260,956200,958030,3770,0.4,958190,3930,0.41,956180,958900
كهربا,صندوق س.پشتوانه سكه طلا كهربا,12,54697,567564890,10274,10403,10431,157,1.53,10377,103,1,10350,10431
هكشو208,اختيارف ت پاكشو9799-02/08/29,12,97882,83689110,691,855,855,164,23.73,855,164,23.73,855,855
پارتا,مجتمع‌صنعتي‌آرتاويل‌تاير,12,15609,220555170,14560,14130,14130,-430,-2.95,14550,-10,-0.07,14130,14130
كابگن,توليدي و صنعتي آبگينه‌,11,9274,82167640,8940,8860,8860,-80,-0.89,8940,0,0,8860,8860
طخود2018,اختيارف خودرو-2000-1401/02/07,11,394,7982000,20,13,25,5,25,20,0,0,13,25
اوصتا2,صندوق انديشه ورزان صباتامين -د,11,27200000,27200000,21910,1,1,-21909,-100,1,-21909,-100,1,1
عيار2,صندوق طلاي عيار مفيد,11,110000,110000,30527,1,1,-30526,-100,1,-30526,-100,1,1
مكرج112,مشاركت شهرداري كرج-3ماهه18%,10,99800,99800000000,1000000,1000000,1000000,0,0,1000000,0,0,1000000,1000000
ضملت3009,اختيارخ وبملت-2000-1401/03/18,10,301,602617000,1638,1998,1940,302,18.44,2002,364,22.22,1940,2020
اخزا901,اسنادخزانه-م1بودجه99-010621,10,721,652909340,910610,904800,907000,-3610,-0.4,905560,-5050,-0.55,904740,907000
اكالا,كارگزاران بورس كالاي ايران,9,845000,16900000000,20490,20000,20000,-490,-2.39,20280,-210,-1.02,20000,20000
داريك,صندوق س.اعتماد داريك-د,9,107682,1320176298,12219,12261,12261,42,0.34,12260,41,0.34,12259,12261
خاتم2,صندوق س خاتم ايساتيس پويا-ثابت,9,9000000,9000000,13076,1,1,-13075,-99.99,1,-13075,-99.99,1,1
اخزا910,اسنادخزانه-م10بودجه99-020807,9,4047,2902765290,718910,718000,720000,1090,0.15,717260,-1650,-0.23,717050,720900
اخزا914,اسنادخزانه-م14بودجه99-021025,8,3953,2723764500,693980,688050,690000,-3980,-0.57,689040,-4940,-0.71,688000,690000
فنفتح,ح . صنايع تجهيزات نفت,8,6765,176290000,26800,27000,26000,-800,-2.99,26050,-750,-2.8,26000,27000
ضشنا2017,اختيارخ شپنا-5873-1401/02/25,8,158,31582000,160,150,199,39,24.38,200,40,25,150,289
اخزا009,اسناد خزانه-م9بودجه00-031101,8,34606,19217070360,554780,555000,555500,720,0.13,555310,530,0.1,554000,555990
اعتماد2,صندوق س.اعتماد آفرين پارسيان-د,8,76700000,76700000,42936,1,1,-42935,-100,1,-42935,-100,1,1
اخزا813,اسنادخزانه-م13بودجه98-010219,8,381,371456350,984450,973150,977010,-7440,-0.76,974950,-9500,-0.97,973150,977010
بذر,صندوق س بذر اميد آفرين-سهام,8,2056,202140000,96420,98000,98010,1590,1.65,98320,1900,1.97,98000,98700
ضملت3012,اختيارخ وبملت-3500-1401/03/18,8,78,48563000,598,600,630,32,5.35,623,25,4.18,600,630
طخود2019,اختيارف خودرو-2500-1401/02/07,7,54,7170000,233,121,150,-83,-35.62,133,-100,-42.92,121,150
اخزا904,اسنادخزانه-م4بودجه99-011215,7,1202,1003669980,822600,834990,835000,12400,1.51,835000,12400,1.51,834990,835000
زعف0110پ18,زعفران0110نگين بهرامن(پ),7,3897,1341370600,349841,349999,343000,-6841,-1.96,344206,-5635,-1.61,343000,349999
اطلس2,صندوق س.توسعه اطلس مفيد-س,7,70000,70000,239903,1,1,-239902,-100,1,-239902,-100,1,1
اخزا918,اسنادخزانه-م18بودجه99-010323,7,3210,3065590200,954250,955200,955000,750,0.08,955010,760,0.08,955000,957000
كارا2,صندوق س. كارا -د,7,54800000,54800000,10991,1,1,-10990,-99.99,1,-10990,-99.99,1,1
گنجينه,صندوق س. گنجينه داريوش-د,7,13103,131498963,10044,10054,10035,-9,-0.09,10036,-8,-0.08,10034,10054
تملي710,تسهيلات مسكن ب. ملي-دي97,6,74,56194860,792726,819690,753090,-39636,-5,759390,-33336,-4.21,753090,819690
اخزا818,اسنادخزانه-م18بودجه98-010614,6,1780,1618132940,913860,919990,912990,-870,-0.1,909060,-4800,-0.53,908130,919990
ضترا3016,اختيارخ شتران-6000-1401/03/08,6,46,23500000,200,500,600,400,200,511,311,155.5,500,600
اخزا816,اسنادخزانه-م16بودجه98-010503,6,1358,1265700070,930940,935390,932000,1060,0.11,932030,1090,0.12,932000,935390
اخزا905,اسنادخزانه-م5بودجه99-020218,6,42,33379920,792000,798000,791560,-440,-0.06,794760,2760,0.35,791500,798000
سلار,شركت سيمان لارستان,6,14925,434317500,30000,29100,29100,-900,-3,29950,-50,-0.17,29100,29100
فسديد,لوله‌وتجهيزات‌ سديد - ورشكسته,5,530,27639500,52650,52150,52150,-500,-0.95,52150,-500,-0.95,52150,52150
ضبدر3014,اختيارخ شبندر-8000-1401/03/29,5,60,53900000,780,990,850,70,8.97,898,118,15.13,850,1000
ثهام,صندوق س ثروت هامرز-سهام,5,10312,104404320,9970,10020,10110,140,1.4,10120,150,1.5,10110,10130
ضملي3014,اختيارخ فملي-8000-1401/03/02,5,35,17485000,399,500,500,101,25.31,500,101,25.31,499,500
هماي2,صندوق س هماي آگاه-ثابت,4,15134000,15134000,10055,1,1,-10054,-99.99,1,-10054,-99.99,1,1
سكه0110پ04,تمام سكه طرح جديد 0110 صادرات,4,500,611700000,1203254,1221000,1224000,20746,1.72,1223400,20146,1.67,1221000,1224000
ضترا3013,اختيارخ شتران-4000-1401/03/08,4,6,11580000,1500,1990,1900,400,26.67,1930,430,28.67,1900,1990
سفارود,كارخانه فارسيت درود,4,3900,24375000,6370,6250,6250,-120,-1.88,6370,0,0,6250,6250
ضترا3015,اختيارخ شتران-5000-1401/03/08,4,12,11999000,950,1000,1000,50,5.26,1000,50,5.26,999,1000
ضپلا4005,اختيارخ پالايش-74000-01/04/29,4,21,3245000,15299,15000,15500,201,1.31,15452,153,1,15000,15500
فنرژي,گسترش صنايع انرژي آذرآب,4,4367,29913950,6980,6850,6850,-130,-1.86,6980,0,0,6850,6850
كهرام,توليدي گرانيت بهسرام,4,812,49816200,62600,61350,61350,-1250,-2,62600,0,0,61350,61350
اخزا815,اسنادخزانه-م15بودجه98-010406,4,215,203513590,946190,945350,946940,750,0.08,946570,380,0.04,945350,949490
تملي803,تسهيلات مسكن ب. ملي-خرداد98,4,60,29059180,494488,519212,469800,-24688,-4.99,484320,-10168,-2.06,469800,519212
زعف0110پ09,زعفران0110نگين نوين(پ),4,314,109285308,348781,347600,342000,-6781,-1.94,348042,-739,-0.21,342000,366608
ضذوب3002,اختيارخ ذوب-3000-1401/03/04,4,220,30400000,121,145,130,9,7.44,138,17,14.05,130,145
اخزا908,اسنادخزانه-م8بودجه99-020606,4,1349,1000099170,750710,741430,741350,-9360,-1.25,741360,-9350,-1.25,741350,741430
اخزا911,اسنادخزانه-م11بودجه99-020906,4,16049,11320232670,706030,705360,719980,13950,1.98,705350,-680,-0.1,705350,719980
فجوش,جوش‌ و اكسيژن‌ ايران‌,3,695,111304250,155500,160150,160150,4650,2.99,155550,50,0.03,160150,160150
نگين,ص.س. زمين و ساختمان نگين شهرري,3,483,25514050,52030,52950,52790,760,1.46,52820,790,1.52,52790,52950
ضشنا2013,اختيارخ شپنا-3304-1401/02/25,3,11,30668000,2450,2778,2888,438,17.88,2788,338,13.8,2778,2888
زعف0110پ16,زعفران0110نگين بيرجند(پ),3,1100,376302100,350000,342001,343011,-6989,-2,342093,-7907,-2.26,342001,343011
زعف0110پ08,زعفران0110نگين روستا(پ),3,215,74212515,347017,347501,345000,-2017,-0.58,345174,-1843,-0.53,345000,347501
صخود041,ص مرابحه خودرو041- 3ماهه 18%,3,23000,23000000000,1026364,1000000,1000000,-26364,-2.57,1000000,-26364,-2.57,1000000,1000000
كرونا2,تامين مالي جمعي صرفا اهداي سود,3,707,7070000,10000,10000,10000,0,0,10000,0,0,10000,10000
آگاس2,صندوق س.هستي بخش آگاه-س,3,500000,500000,77502,1,1,-77501,-100,1,-77501,-100,1,1
تاراز2,صندوق س آواي تاراز زاگرس-سهام,3,30000,30000,10270,1,1,-10269,-99.99,1,-10269,-99.99,1,1
افران2,صندوق س افرا نماد پايدار-ثابت,2,24300000,24300000,15798,1,1,-15797,-99.99,1,-15797,-99.99,1,1
وصندوق2,سرمايه‌گذاري‌صندوق‌بازنشستگي‌,2,8000000,95250000000,11680,11850,12000,320,2.74,11906,226,1.93,11850,12000
تسه99052,امتياز تسهيلات مسكن مرداد99,2,47,470,1084956,10,10,-1084946,-100,10,-1084946,-100,10,10
تسه99082,امتياز تسهيلات مسكن آبان99,2,4,40,1097509,10,10,-1097499,-100,10,-1097499,-100,10,10
ضفلا3009,اختيارخ فولاد-7000-1401/03/18,2,8,38400000,4700,4800,4800,100,2.13,4800,100,2.13,4800,4800
ضخوز2022,اختيارخ فخوز-5000-1401/02/18,2,19,22200000,460,1200,900,440,95.65,1168,708,153.91,900,1200
تسه99042,امتياز تسهيلات مسكن تير99,2,49,490,1170347,10,10,-1170337,-100,10,-1170337,-100,10,10
زعف0110پ19,زعفران0110نگين تروند قاينات(پ),2,1700,582601000,350524,342501,343000,-7524,-2.15,342706,-7818,-2.23,342501,343000
ضملت3013,اختيارخ وبملت-4000-1401/03/18,2,27,10440000,497,390,300,-197,-39.64,387,-110,-22.13,300,390
ضپاس2011,اختيارخ وپارس-1600-1401/02/28,2,80,27100000,230,350,320,90,39.13,339,109,47.39,320,350
كمند2,صندوق س. با درآمد ثابت كمند,2,88400000,88400000,10094,1,1,-10093,-99.99,1,-10093,-99.99,1,1
ضملت3008,اختيارخ وبملت-1800-1401/03/18,2,31,67270000,1701,2170,2170,469,27.57,2170,469,27.57,2170,2170
كايتا,ايتالران‌,2,354,10478400,31150,29600,29600,-1550,-4.98,31150,0,0,29600,29600
ضشنا2011,اختيارخ شپنا-2570-1401/02/25,2,4,15080000,3380,3810,3650,270,7.99,3770,390,11.54,3650,3810
ضملي3009,اختيارخ فملي-4000-1401/03/02,2,17,65450000,3660,3850,3850,190,5.19,3850,190,5.19,3850,3850
ضپلا4001,اختيارخ پالايش-50000-01/04/29,2,10,2300100,29500,23010,23000,-6500,-22.03,23001,-6499,-22.03,23000,23010
اگ010518,گام بانك تجارت0105,2,11000,10070500000,914541,915500,915500,959,0.1,915500,959,0.1,915500,915500
نبروج,نساجي بروجرد,2,14,160160,11220,11440,11440,220,1.96,11440,220,1.96,11440,11440
صمعاد407,صكوك اجاره معادن407-3ماهه18%,2,15,15075000,1000028,1005000,1005000,4972,0.5,1005000,4972,0.5,1005000,1005000
پست0108پ10,پسته فندقي34-32مه ولات0108(پ),1,5,9639605,2029390,1927921,1927921,-101469,-5,1927921,-101469,-5,1927921,1927921
ضصاد3016,اختيارخ وبصادر-2500-1401/03/11,1,5,450000,88,90,90,2,2.27,90,2,2.27,90,90
اخزا821,اسنادخزانه-م21بودجه98-020906,1,118,83349300,704080,706350,706350,2270,0.32,706350,2270,0.32,706350,706350
سكه0111پ05,تمام سكه طرح جديد0111آينده,1,100,122014000,1205533,1220140,1220140,14607,1.21,1220140,14607,1.21,1220140,1220140
اراد76,مرابحه عام دولت76-ش.خ030406,1,1000,970000000,1000000,970000,970000,-30000,-3,970000,-30000,-3,970000,970000
ضسپا3017,اختيارخ خساپا-3000-1401/03/25,1,1,40000,40,40,40,0,0,40,0,0,40,40
اوج,صندوق س.اوج دماوند-س,1,700,7001400,10006,10002,10002,-4,-0.04,10002,-4,-0.04,10002,10002
صغدير4082,صكوك اجاره غدير408-بدون ضامن,1,2000000,2000000000000,1000000,1000000,1000000,0,0,1000000,0,0,1000000,1000000
ومعادن2,توسعه‌معادن‌وفلزات‌,1,50000000,600000000000,11980,12000,12000,20,0.17,12000,20,0.17,12000,12000
تسه99032,امتياز تسهيلات مسكن خرداد99,1,43,430,1138813,10,10,-1138803,-100,10,-1138803,-100,10,10
حكمت01,مشاركت حكمت ايرانيان 140107,1,5,5062500,1012500,1012500,1012500,0,0,1012500,0,0,1012500,1012500
كگلح2,ح . معدني و صنعتي گل گهر,1,2100000,20286000000,9660,9660,9660,0,0,9660,0,0,9660,9660
ضملت3011,اختيارخ وبملت-3000-1401/03/18,1,1,800000,1100,800,800,-300,-27.27,800,-300,-27.27,800,800
طخود3057,اختيارف خودرو-2000-1401/03/04,1,100,8000000,40,80,80,40,100,80,40,100,80,80
ضسپا3014,اختيارخ خساپا-1800-1401/03/25,1,12,4200000,370,350,350,-20,-5.41,350,-20,-5.41,350,350
پشاهن,توليدي پلاستيك‌ شاهين,1,5,113750,22100,22750,22750,650,2.94,22750,650,2.94,22750,22750
بتك,كارخانجات كابل سازي‌ تك‌,1,5,375250,73600,75050,75050,1450,1.97,75050,1450,1.97,75050,75050
ضدار4008,اختيارخ ص.دارا-140000-01/04/29,1,4,200000,1,5000,5000,4999,499900,5000,4999,499900,5000,5000
متا0105,آتي متانول -1401/05/17,1,100,97950000,979700,979500,979500,-200,-0.02,979500,-200,-0.02,979500,979500
گواهي ظرفيت,گواهي ظرفيت نقدي,1,960000,35276160000,34997,36746,36746,1749,5,35061,64,0.18,36746,36746
ضسان2017,اختيارخ پارسان-24470-01/02/18,1,5,21000000,3600,4200,4200,600,16.67,4200,600,16.67,4200,4200
ضپلا4003,اختيارخ پالايش-62000-01/04/29,1,12,2496000,1,20800,20800,20799,2079900,20800,20799,2079900,20800,20800
نخو0102پ01,نخود متوسط0102شيري(پ),1,27,8208000,320000,304000,304000,-16000,-5,304000,-16000,-5,304000,304000
شتهران,داروسازي تهران شيمي,1,7,141260,19790,20180,20180,390,1.97,20180,390,1.97,20180,20180
تسه99112,امتياز تسهيلات مسكن بهمن99,1,2,20,1087231,10,10,-1087221,-100,10,-1087221,-100,10,10
اخزا906,اسنادخزانه-م6بودجه99-020321,1,7,5483100,767010,783300,783300,16290,2.12,783300,16290,2.12,783300,783300
تسه00102,امتيازتسهيلات مسكن دي1400,1,45,450,1149994,10,10,-1149984,-100,10,-1149984,-100,10,10
اراد944,مرابحه عام دولت94-ش.خ030816,1,1466300,1395419058000,926960,951660,951660,24700,2.66,951660,24700,2.66,951660,951660
اراد954,مرابحه عام دولت95-ش.خ020514,1,1000000,949730000000,945000,949730,949730,4730,0.5,949730,4730,0.5,949730,949730
سمگا2,گروه سرمايه گذاري ميراث فرهنگي,1,11300000,100005000000,9010,8850,8850,-160,-1.78,8850,-160,-1.78,8850,8850
كگهر2,سنگ آهن گهرزمين,1,4000000,188600000000,47100,47150,47150,50,0.11,47150,50,0.11,47150,47150
ياقوت2,صندوق س ياقوت آگاه-ثابت,1,1492000,1492000,14417,1,1,-14416,-99.99,1,-14416,-99.99,1,1
هنوري102,اختيارف ت نوري59561-01/02/15,1,2600,2600,1,1,1,0,0,1,0,0,1,1
مكرج1122,مشاركت شهرداري كرج-3ماهه18%,1,139400,139400000000,1000000,1000000,1000000,0,0,1000000,0,0,1000000,1000000
زير0103پ01,زيره سبز0103كيميابذر(پ),1,9,8550000,952000,950000,950000,-2000,-0.21,950000,-2000,-0.21,950000,950000
ضجار2010,اختيارخ وتجارت-1400-1401/02/21,1,2,1160000,530,580,580,50,9.43,580,50,9.43,580,580
بخاور2,بيمه زندگي خاورميانه,1,10000000,24360000000,2435,2436,2436,1,0.04,2436,1,0.04,2436,2436
رايان106,مشاركت رايان سايپا-3ماهه16%,1,6,5876700,997440,979450,979450,-17990,-1.8,979450,-17990,-1.8,979450,979450
ضملت3010,اختيارخ وبملت-2500-1401/03/18,1,1,1400000,1201,1400,1400,199,16.57,1400,199,16.57,1400,1400
نسب0105,آتي نفتاي سبك-1401/05/17,1,100,241320000,2413000,2413200,2413200,200,0.01,2413200,200,0.01,2413200,2413200
وسپه2,سرمايه‌گذاري‌ سپه‌,1,15000000,107100000000,7130,7140,7140,10,0.14,7140,10,0.14,7140,7140
واميد2,گروه مديريت سرمايه گذاري اميد,1,1700000,23970000000,13980,14100,14100,120,0.86,14100,120,0.86,14100,14100
ضپلا4006,اختيارخ پالايش-80000-01/04/29,1,10,135000,15100,1350,1350,-13750,-91.06,1350,-13750,-91.06,1350,1350
تسه00112,امتيازتسهيلات مسكن بهمن 1400,1,2925,29250,1200849,10,10,-1200839,-100,10,-1200839,-100,10,10
اراد994,مرابحه عام دولت99-ش.خ050723,1,1300000,1300000000000,1000000,1000000,1000000,0,0,1000000,0,0,1000000,1000000
ضترا3011,اختيارخ شتران-3000-1401/03/08,1,10,21000000,2150,2100,2100,-50,-2.33,2100,-50,-2.33,2100,2100
تسه99062,امتياز تسهيلات مسكن شهريور99,1,46,460,1092940,10,10,-1092930,-100,10,-1092930,-100,10,10
تسه99022,امتياز تسهيلات مسكن ارديبهشت99,1,13,130,1086781,10,10,-1086771,-100,10,-1086771,-100,10,10
ضجار2009,اختيارخ وتجارت-1200-1401/02/21,1,4,2840000,695,710,710,15,2.16,710,15,2.16,710,710
طخود2016,اختيارف خودرو-1600-1401/02/07,1,1,1000,11,1,1,-10,-90.91,1,-10,-90.91,1,1
اراد1014,مرابحه عام دولت101-ش.خ020711,1,500000,466950000000,945990,933900,933900,-12090,-1.28,933900,-12090,-1.28,933900,933900
نوري2,پتروشيمي نوري,1,600000,59490000000,97190,99150,99150,1960,2.02,99150,1960,2.02,99150,99150
جم2,پتروشيمي جم,1,715000,30265950000,42330,42330,42330,0,0,42330,0,0,42330,42330
متا0103,آتي متانول -1401/03/17,1,100,97220000,972200,972200,972200,0,0,972200,0,0,972200,972200
كرماشا2,صنايع پتروشيمي كرمانشاه,1,1000000,53850000000,52290,53850,53850,1560,2.98,53850,1560,2.98,53850,53850
تابان01,اجاره تابان تمدن14021206,1,500,500000000,989000,1000000,1000000,11000,1.11,1000000,11000,1.11,1000000,1000000
كچاد2,معدني‌وصنعتي‌چادرملو,1,1700000,27710000000,16020,16300,16300,280,1.75,16300,280,1.75,16300,16300
صبا14044,اجاصبابدون ضامن بارتبه اعتباري,1,300000,300000000000,1000000,1000000,1000000,0,0,1000000,0,0,1000000,1000000
كهربا2,صندوق س.پشتوانه سكه طلا كهربا,1,100000,100000,10274,1,1,-10273,-99.99,1,-10273,-99.99,1,1
تسه00092,امتيازتسهيلات مسكن آذر 1400,1,48,480,1131933,10,10,-1131923,-100,10,-1131923,-100,10,10
متا0104,آتي متانول -1401/04/17,1,100,97100000,970000,971000,971000,1000,0.1,971000,1000,0.1,971000,971000
ضپيك2019,اختيارخ تاپيكو-10000-01/02/21,1,5,22000000,1,4400,4400,4399,439900,4400,4399,439900,4400,4400
بوعلي2,پتروشيمي بوعلي سينا,1,600000,43200000000,70300,72000,72000,1700,2.42,72000,1700,2.42,72000,72000
اراد43,مرابحه عام دولت4-ش.خ 0205,1,1000,960000000,987000,960000,960000,-27000,-2.74,960000,-27000,-2.74,960000,960000
غسالم2,سالمين‌,1,41729333,116842132400,2668,2800,2800,132,4.95,2800,132,4.95,2800,2800
اراد74,مرابحه عام دولت74-ش.خ040226,1,1000,970000000,990000,970000,970000,-20000,-2.02,970000,-20000,-2.02,970000,970000
تسه99102,امتياز تسهيلات مسكن دي99,1,1,10,1110500,10,10,-1110490,-100,10,-1110490,-100,10,10
داريوش2,صندوق س. ثروت داريوش -س,1,100000,100000,9492,1,1,-9491,-99.99,1,-9491,-99.99,1,1
اخزا820,اسنادخزانه-م20بودجه98-020806,1,15,10754250,714990,716950,716950,1960,0.27,716950,1960,0.27,716950,716950
تبريز0342,مشاركت ش تبريز034-3 ماهه 18%,1,1500000,1470000000000,1000378,980000,980000,-20378,-2.04,980000,-20378,-2.04,980000,980000
لازما,كارخانه هاي صنعتي آزمايش,1,2228,46119600,21100,20700,20700,-400,-1.9,21100,0,0,20700,20700
